[
  {
    "geoAreaCode": "4",
    "geoAreaName": "Afghanistan"
  },
  {
    "geoAreaCode": "248",
    "geoAreaName": "aland islands"
  },
  {
    "geoAreaCode": "8",
    "geoAreaName": "Albania"
  },
  {
    "geoAreaCode": "12",
    "geoAreaName": "Algeria"
  },
  {
    "geoAreaCode": "16",
    "geoAreaName": "American Samoa"
  },
  {
    "geoAreaCode": "20",
    "geoAreaName": "Andorra"
  },
  {
    "geoAreaCode": "24",
    "geoAreaName": "Angola"
  },
  {
    "geoAreaCode": "660",
    "geoAreaName": "Anguilla"
  },
  {
    "geoAreaCode": "10",
    "geoAreaName": "Antarctica"
  },
  {
    "geoAreaCode": "28",
    "geoAreaName": "Antigua and Barbuda"
  },
  {
    "geoAreaCode": "32",
    "geoAreaName": "Argentina"
  },
  {
    "geoAreaCode": "51",
    "geoAreaName": "Armenia"
  },
  {
    "geoAreaCode": "533",
    "geoAreaName": "Aruba"
  },
  {
    "geoAreaCode": "36",
    "geoAreaName": "Australia"
  },
  {
    "geoAreaCode": "40",
    "geoAreaName": "Austria"
  },
  {
    "geoAreaCode": "31",
    "geoAreaName": "Azerbaijan"
  },
  {
    "geoAreaCode": "44",
    "geoAreaName": "Bahamas"
  },
  {
    "geoAreaCode": "48",
    "geoAreaName": "Bahrain"
  },
  {
    "geoAreaCode": "50",
    "geoAreaName": "Bangladesh"
  },
  {
    "geoAreaCode": "52",
    "geoAreaName": "Barbados"
  },
  {
    "geoAreaCode": "112",
    "geoAreaName": "Belarus"
  },
  {
    "geoAreaCode": "56",
    "geoAreaName": "Belgium"
  },
  {
    "geoAreaCode": "84",
    "geoAreaName": "Belize"
  },
  {
    "geoAreaCode": "204",
    "geoAreaName": "Benin"
  },
  {
    "geoAreaCode": "60",
    "geoAreaName": "Bermuda"
  },
  {
    "geoAreaCode": "64",
    "geoAreaName": "Bhutan"
  },
  {
    "geoAreaCode": "68",
    "geoAreaName": "Bolivia (Plurinational State of)"
  },
  {
    "geoAreaCode": "70",
    "geoAreaName": "Bosnia and Herzegovina"
  },
  {
    "geoAreaCode": "72",
    "geoAreaName": "Botswana"
  },
  {
    "geoAreaCode": "74",
    "geoAreaName": "Bouvet Island"
  },
  {
    "geoAreaCode": "76",
    "geoAreaName": "Brazil"
  },
  {
    "geoAreaCode": "92",
    "geoAreaName": "British Virgin Islands"
  },
  {
    "geoAreaCode": "86",
    "geoAreaName": "British Indian Ocean Territory"
  },
  {
    "geoAreaCode": "96",
    "geoAreaName": "Brunei Darussalam"
  },
  {
    "geoAreaCode": "100",
    "geoAreaName": "Bulgaria"
  },
  {
    "geoAreaCode": "854",
    "geoAreaName": "Burkina Faso"
  },
  {
    "geoAreaCode": "108",
    "geoAreaName": "Burundi"
  },
  {
    "geoAreaCode": "116",
    "geoAreaName": "Cambodia"
  },
  {
    "geoAreaCode": "120",
    "geoAreaName": "Cameroon"
  },
  {
    "geoAreaCode": "124",
    "geoAreaName": "Canada"
  },
  {
    "geoAreaCode": "132",
    "geoAreaName": "Cabo Verde"
  },
  {
    "geoAreaCode": "136",
    "geoAreaName": "Cayman Islands"
  },
  {
    "geoAreaCode": "140",
    "geoAreaName": "Central African Republic"
  },
  {
    "geoAreaCode": "148",
    "geoAreaName": "Chad"
  },
  {
    "geoAreaCode": "152",
    "geoAreaName": "Chile"
  },
  {
    "geoAreaCode": "156",
    "geoAreaName": "China"
  },
  {
    "geoAreaCode": "344",
    "geoAreaName": "China, Hong Kong Special Administrative Region"
  },
  {
    "geoAreaCode": "446",
    "geoAreaName": "China, Macao Special Administrative Region"
  },
  {
    "geoAreaCode": "162",
    "geoAreaName": "Christmas Island"
  },
  {
    "geoAreaCode": "166",
    "geoAreaName": "Cocos (Keeling) Islands"
  },
  {
    "geoAreaCode": "170",
    "geoAreaName": "Colombia"
  },
  {
    "geoAreaCode": "174",
    "geoAreaName": "Comoros"
  },
  {
    "geoAreaCode": "178",
    "geoAreaName": "Congo"
  },
  {
    "geoAreaCode": "180",
    "geoAreaName": "Democratic Republic of the Congo"
  },
  {
    "geoAreaCode": "184",
    "geoAreaName": "Cook Islands"
  },
  {
    "geoAreaCode": "188",
    "geoAreaName": "Costa Rica"
  },
  {
    "geoAreaCode": "384",
    "geoAreaName": "Côte d'Ivoire"
  },
  {
    "geoAreaCode": "191",
    "geoAreaName": "Croatia"
  },
  {
    "geoAreaCode": "192",
    "geoAreaName": "Cuba"
  },
  {
    "geoAreaCode": "196",
    "geoAreaName": "Cyprus"
  },
  {
    "geoAreaCode": "203",
    "geoAreaName": "Czechia"
  },
  {
    "geoAreaCode": "208",
    "geoAreaName": "Denmark"
  },
  {
    "geoAreaCode": "262",
    "geoAreaName": "Djibouti"
  },
  {
    "geoAreaCode": "212",
    "geoAreaName": "Dominica"
  },
  {
    "geoAreaCode": "214",
    "geoAreaName": "Dominican Republic"
  },
  {
    "geoAreaCode": "218",
    "geoAreaName": "Ecuador"
  },
  {
    "geoAreaCode": "818",
    "geoAreaName": "Egypt"
  },
  {
    "geoAreaCode": "222",
    "geoAreaName": "El Salvador"
  },
  {
    "geoAreaCode": "226",
    "geoAreaName": "Equatorial Guinea"
  },
  {
    "geoAreaCode": "232",
    "geoAreaName": "Eritrea"
  },
  {
    "geoAreaCode": "233",
    "geoAreaName": "Estonia"
  },
  {
    "geoAreaCode": "231",
    "geoAreaName": "Ethiopia"
  },
  {
    "geoAreaCode": "238",
    "geoAreaName": "Falkland Islands (Malvinas)"
  },
  {
    "geoAreaCode": "234",
    "geoAreaName": "Faroe Islands"
  },
  {
    "geoAreaCode": "242",
    "geoAreaName": "Fiji"
  },
  {
    "geoAreaCode": "246",
    "geoAreaName": "Finland"
  },
  {
    "geoAreaCode": "250",
    "geoAreaName": "France"
  },
  {
    "geoAreaCode": "254",
    "geoAreaName": "French Guiana"
  },
  {
    "geoAreaCode": "258",
    "geoAreaName": "French Polynesia"
  },
  {
    "geoAreaCode": "260",
    "geoAreaName": "French Southern Territories"
  },
  {
    "geoAreaCode": "266",
    "geoAreaName": "Gabon"
  },
  {
    "geoAreaCode": "270",
    "geoAreaName": "Gambia"
  },
  {
    "geoAreaCode": "268",
    "geoAreaName": "Georgia"
  },
  {
    "geoAreaCode": "276",
    "geoAreaName": "Germany"
  },
  {
    "geoAreaCode": "288",
    "geoAreaName": "Ghana"
  },
  {
    "geoAreaCode": "292",
    "geoAreaName": "Gibraltar"
  },
  {
    "geoAreaCode": "300",
    "geoAreaName": "Greece"
  },
  {
    "geoAreaCode": "304",
    "geoAreaName": "Greenland"
  },
  {
    "geoAreaCode": "308",
    "geoAreaName": "Grenada"
  },
  {
    "geoAreaCode": "312",
    "geoAreaName": "Guadeloupe"
  },
  {
    "geoAreaCode": "316",
    "geoAreaName": "Guam"
  },
  {
    "geoAreaCode": "320",
    "geoAreaName": "Guatemala"
  },
  {
    "geoAreaCode": "831",
    "geoAreaName": "Guernsey"
  },
  {
    "geoAreaCode": "324",
    "geoAreaName": "Guinea"
  },
  {
    "geoAreaCode": "624",
    "geoAreaName": "Guinea-Bissau"
  },
  {
    "geoAreaCode": "328",
    "geoAreaName": "Guyana"
  },
  {
    "geoAreaCode": "332",
    "geoAreaName": "Haiti"
  },
  {
    "geoAreaCode": "334",
    "geoAreaName": "Heard Island and McDonald Islands"
  },
  {
    "geoAreaCode": "336",
    "geoAreaName": "Holy See"
  },
  {
    "geoAreaCode": "340",
    "geoAreaName": "Honduras"
  },
  {
    "geoAreaCode": "348",
    "geoAreaName": "Hungary"
  },
  {
    "geoAreaCode": "352",
    "geoAreaName": "Iceland"
  },
  {
    "geoAreaCode": "356",
    "geoAreaName": "India"
  },
  {
    "geoAreaCode": "360",
    "geoAreaName": "Indonesia"
  },
  {
    "geoAreaCode": "364",
    "geoAreaName": "Iran (Islamic Republic of)"
  },
  {
    "geoAreaCode": "368",
    "geoAreaName": "Iraq"
  },
  {
    "geoAreaCode": "372",
    "geoAreaName": "Ireland"
  },
  {
    "geoAreaCode": "833",
    "geoAreaName": "Isle of Man"
  },
  {
    "geoAreaCode": "376",
    "geoAreaName": "Israel"
  },
  {
    "geoAreaCode": "380",
    "geoAreaName": "Italy"
  },
  {
    "geoAreaCode": "388",
    "geoAreaName": "Jamaica"
  },
  {
    "geoAreaCode": "392",
    "geoAreaName": "Japan"
  },
  {
    "geoAreaCode": "832",
    "geoAreaName": "Jersey"
  },
  {
    "geoAreaCode": "400",
    "geoAreaName": "Jordan"
  },
  {
    "geoAreaCode": "398",
    "geoAreaName": "Kazakhstan"
  },
  {
    "geoAreaCode": "404",
    "geoAreaName": "Kenya"
  },
  {
    "geoAreaCode": "296",
    "geoAreaName": "Kiribati"
  },
  {
    "geoAreaCode": "408",
    "geoAreaName": "Democratic People's Republic of Korea"
  },
  {
    "geoAreaCode": "410",
    "geoAreaName": "Republic of Korea"
  },
  {
    "geoAreaCode": "414",
    "geoAreaName": "Kuwait"
  },
  {
    "geoAreaCode": "417",
    "geoAreaName": "Kyrgyzstan"
  },
  {
    "geoAreaCode": "418",
    "geoAreaName": "Lao People's Democratic Republic"
  },
  {
    "geoAreaCode": "428",
    "geoAreaName": "Latvia"
  },
  {
    "geoAreaCode": "422",
    "geoAreaName": "Lebanon"
  },
  {
    "geoAreaCode": "426",
    "geoAreaName": "Lesotho"
  },
  {
    "geoAreaCode": "430",
    "geoAreaName": "Liberia"
  },
  {
    "geoAreaCode": "434",
    "geoAreaName": "Libya"
  },
  {
    "geoAreaCode": "438",
    "geoAreaName": "Liechtenstein"
  },
  {
    "geoAreaCode": "440",
    "geoAreaName": "Lithuania"
  },
  {
    "geoAreaCode": "442",
    "geoAreaName": "Luxembourg"
  },
  {
    "geoAreaCode": "807",
    "geoAreaName": "North Macedonia"
  },
  {
    "geoAreaCode": "450",
    "geoAreaName": "Madagascar"
  },
  {
    "geoAreaCode": "454",
    "geoAreaName": "Malawi"
  },
  {
    "geoAreaCode": "458",
    "geoAreaName": "Malaysia"
  },
  {
    "geoAreaCode": "462",
    "geoAreaName": "Maldives"
  },
  {
    "geoAreaCode": "466",
    "geoAreaName": "Mali"
  },
  {
    "geoAreaCode": "470",
    "geoAreaName": "Malta"
  },
  {
    "geoAreaCode": "584",
    "geoAreaName": "Marshall Islands"
  },
  {
    "geoAreaCode": "474",
    "geoAreaName": "Martinique"
  },
  {
    "geoAreaCode": "478",
    "geoAreaName": "Mauritania"
  },
  {
    "geoAreaCode": "480",
    "geoAreaName": "Mauritius"
  },
  {
    "geoAreaCode": "175",
    "geoAreaName": "Mayotte"
  },
  {
    "geoAreaCode": "484",
    "geoAreaName": "Mexico"
  },
  {
    "geoAreaCode": "583",
    "geoAreaName": "Micronesia (Federated States of)"
  },
  {
    "geoAreaCode": "498",
    "geoAreaName": "Republic of Moldova"
  },
  {
    "geoAreaCode": "492",
    "geoAreaName": "Monaco"
  },
  {
    "geoAreaCode": "496",
    "geoAreaName": "Mongolia"
  },
  {
    "geoAreaCode": "499",
    "geoAreaName": "Montenegro"
  },
  {
    "geoAreaCode": "500",
    "geoAreaName": "Montserrat"
  },
  {
    "geoAreaCode": "504",
    "geoAreaName": "Morocco"
  },
  {
    "geoAreaCode": "508",
    "geoAreaName": "Mozambique"
  },
  {
    "geoAreaCode": "104",
    "geoAreaName": "Myanmar"
  },
  {
    "geoAreaCode": "516",
    "geoAreaName": "Namibia"
  },
  {
    "geoAreaCode": "520",
    "geoAreaName": "Nauru"
  },
  {
    "geoAreaCode": "524",
    "geoAreaName": "Nepal"
  },
  {
    "geoAreaCode": "528",
    "geoAreaName": "Netherlands"
  },
  {
    "geoAreaCode": "530",
    "geoAreaName": "Netherlands Antilles"
  },
  {
    "geoAreaCode": "540",
    "geoAreaName": "New Caledonia"
  },
  {
    "geoAreaCode": "554",
    "geoAreaName": "New Zealand"
  },
  {
    "geoAreaCode": "558",
    "geoAreaName": "Nicaragua"
  },
  {
    "geoAreaCode": "562",
    "geoAreaName": "Niger"
  },
  {
    "geoAreaCode": "566",
    "geoAreaName": "Nigeria"
  },
  {
    "geoAreaCode": "570",
    "geoAreaName": "Niue"
  },
  {
    "geoAreaCode": "574",
    "geoAreaName": "Norfolk Island"
  },
  {
    "geoAreaCode": "580",
    "geoAreaName": "Northern Mariana Islands"
  },
  {
    "geoAreaCode": "578",
    "geoAreaName": "Norway"
  },
  {
    "geoAreaCode": "512",
    "geoAreaName": "Oman"
  },
  {
    "geoAreaCode": "586",
    "geoAreaName": "Pakistan"
  },
  {
    "geoAreaCode": "585",
    "geoAreaName": "Palau"
  },
  {
    "geoAreaCode": "275",
    "geoAreaName": "State of Palestine"
  },
  {
    "geoAreaCode": "591",
    "geoAreaName": "Panama"
  },
  {
    "geoAreaCode": "598",
    "geoAreaName": "Papua New Guinea"
  },
  {
    "geoAreaCode": "600",
    "geoAreaName": "Paraguay"
  },
  {
    "geoAreaCode": "604",
    "geoAreaName": "Peru"
  },
  {
    "geoAreaCode": "608",
    "geoAreaName": "Philippines"
  },
  {
    "geoAreaCode": "612",
    "geoAreaName": "Pitcairn"
  },
  {
    "geoAreaCode": "616",
    "geoAreaName": "Poland"
  },
  {
    "geoAreaCode": "620",
    "geoAreaName": "Portugal"
  },
  {
    "geoAreaCode": "630",
    "geoAreaName": "Puerto Rico"
  },
  {
    "geoAreaCode": "634",
    "geoAreaName": "Qatar"
  },
  {
    "geoAreaCode": "638",
    "geoAreaName": "Réunion"
  },
  {
    "geoAreaCode": "642",
    "geoAreaName": "Romania"
  },
  {
    "geoAreaCode": "643",
    "geoAreaName": "Russian Federation"
  },
  {
    "geoAreaCode": "646",
    "geoAreaName": "Rwanda"
  },
  {
    "geoAreaCode": "654",
    "geoAreaName": "Saint Helena"
  },
  {
    "geoAreaCode": "659",
    "geoAreaName": "Saint Kitts and Nevis"
  },
  {
    "geoAreaCode": "662",
    "geoAreaName": "Saint Lucia"
  },
  {
    "geoAreaCode": "666",
    "geoAreaName": "Saint Pierre and Miquelon"
  },
  {
    "geoAreaCode": "882",
    "geoAreaName": "Samoa"
  },
  {
    "geoAreaCode": "674",
    "geoAreaName": "San Marino"
  },
  {
    "geoAreaCode": "678",
    "geoAreaName": "Sao Tome and Principe"
  },
  {
    "geoAreaCode": "682",
    "geoAreaName": "Saudi Arabia"
  },
  {
    "geoAreaCode": "686",
    "geoAreaName": "Senegal"
  },
  {
    "geoAreaCode": "688",
    "geoAreaName": "Serbia"
  },
  {
    "geoAreaCode": "690",
    "geoAreaName": "Seychelles"
  },
  {
    "geoAreaCode": "694",
    "geoAreaName": "Sierra Leone"
  },
  {
    "geoAreaCode": "702",
    "geoAreaName": "Singapore"
  },
  {
    "geoAreaCode": "703",
    "geoAreaName": "Slovakia"
  },
  {
    "geoAreaCode": "705",
    "geoAreaName": "Slovenia"
  },
  {
    "geoAreaCode": "90",
    "geoAreaName": "Solomon Islands"
  },
  {
    "geoAreaCode": "706",
    "geoAreaName": "Somalia"
  },
  {
    "geoAreaCode": "710",
    "geoAreaName": "South Africa"
  },
  {
    "geoAreaCode": "239",
    "geoAreaName": "South Georgia and the South Sandwich Islands"
  },
  {
    "geoAreaCode": "728",
    "geoAreaName": "South Sudan"
  },
  {
    "geoAreaCode": "724",
    "geoAreaName": "Spain"
  },
  {
    "geoAreaCode": "144",
    "geoAreaName": "Sri Lanka"
  },
  {
    "geoAreaCode": "729",
    "geoAreaName": "Sudan"
  },
  {
    "geoAreaCode": "740",
    "geoAreaName": "Suriname"
  },
  {
    "geoAreaCode": "744",
    "geoAreaName": "Svalbard and Jan Mayen Islands"
  },
  {
    "geoAreaCode": "748",
    "geoAreaName": "Eswatini"
  },
  {
    "geoAreaCode": "752",
    "geoAreaName": "Sweden"
  },
  {
    "geoAreaCode": "756",
    "geoAreaName": "Switzerland"
  },
  {
    "geoAreaCode": "760",
    "geoAreaName": "Syrian Arab Republic"
  },
  {
    "geoAreaCode": "158",
    "geoAreaName": "Other non-specified areas in Eastern Asia"
  },
  {
    "geoAreaCode": "762",
    "geoAreaName": "Tajikistan"
  },
  {
    "geoAreaCode": "834",
    "geoAreaName": "United Republic of Tanzania"
  },
  {
    "geoAreaCode": "764",
    "geoAreaName": "Thailand"
  },
  {
    "geoAreaCode": "626",
    "geoAreaName": "Timor-Leste"
  },
  {
    "geoAreaCode": "768",
    "geoAreaName": "Togo"
  },
  {
    "geoAreaCode": "772",
    "geoAreaName": "Tokelau"
  },
  {
    "geoAreaCode": "776",
    "geoAreaName": "Tonga"
  },
  {
    "geoAreaCode": "780",
    "geoAreaName": "Trinidad and Tobago"
  },
  {
    "geoAreaCode": "788",
    "geoAreaName": "Tunisia"
  },
  {
    "geoAreaCode": "792",
    "geoAreaName": "Turkey"
  },
  {
    "geoAreaCode": "795",
    "geoAreaName": "Turkmenistan"
  },
  {
    "geoAreaCode": "796",
    "geoAreaName": "Turks and Caicos Islands"
  },
  {
    "geoAreaCode": "798",
    "geoAreaName": "Tuvalu"
  },
  {
    "geoAreaCode": "800",
    "geoAreaName": "Uganda"
  },
  {
    "geoAreaCode": "804",
    "geoAreaName": "Ukraine"
  },
  {
    "geoAreaCode": "784",
    "geoAreaName": "United Arab Emirates"
  },
  {
    "geoAreaCode": "826",
    "geoAreaName": "United Kingdom of Great Britain and Northern Ireland"
  },
  {
    "geoAreaCode": "840",
    "geoAreaName": "United States of America"
  },
  {
    "geoAreaCode": "581",
    "geoAreaName": "United States Minor Outlying Islands"
  },
  {
    "geoAreaCode": "858",
    "geoAreaName": "Uruguay"
  },
  {
    "geoAreaCode": "860",
    "geoAreaName": "Uzbekistan"
  },
  {
    "geoAreaCode": "548",
    "geoAreaName": "Vanuatu"
  },
  {
    "geoAreaCode": "862",
    "geoAreaName": "Venezuela (Bolivarian Republic of)"
  },
  {
    "geoAreaCode": "704",
    "geoAreaName": "Viet Nam"
  },
  {
    "geoAreaCode": "876",
    "geoAreaName": "Wallis and Futuna Islands"
  },
  {
    "geoAreaCode": "732",
    "geoAreaName": "Western Sahara"
  },
  {
    "geoAreaCode": "887",
    "geoAreaName": "Yemen"
  },
  {
    "geoAreaCode": "894",
    "geoAreaName": "Zambia"
  },
  {
    "geoAreaCode": "716",
    "geoAreaName": "Zimbabwe"
  },
  {
    "geoAreaCode": "14",
    "geoAreaName": "Eastern Africa"
  },
  {
    "geoAreaCode": "17",
    "geoAreaName": "Middle Africa"
  },
  {
    "geoAreaCode": "18",
    "geoAreaName": "Southern Africa"
  },
  {
    "geoAreaCode": "11",
    "geoAreaName": "Western Africa"
  },
  {
    "geoAreaCode": "29",
    "geoAreaName": "Caribbean"
  },
  {
    "geoAreaCode": "13",
    "geoAreaName": "Central America"
  },
  {
    "geoAreaCode": "5",
    "geoAreaName": "South America"
  },
  {
    "geoAreaCode": "15",
    "geoAreaName": "Northern Africa"
  },
  {
    "geoAreaCode": "202",
    "geoAreaName": "Sub-Saharan Africa"
  },
  {
    "geoAreaCode": "419",
    "geoAreaName": "Latin America and the Caribbean"
  },
  {
    "geoAreaCode": "21",
    "geoAreaName": "Northern America"
  },
  {
    "geoAreaCode": "2",
    "geoAreaName": "Africa"
  },
  {
    "geoAreaCode": "19",
    "geoAreaName": "Americas"
  },
  {
    "geoAreaCode": "1",
    "geoAreaName": "World"
  },
  {
    "geoAreaCode": "143",
    "geoAreaName": "Central Asia"
  },
  {
    "geoAreaCode": "30",
    "geoAreaName": "Eastern Asia"
  },
  {
    "geoAreaCode": "35",
    "geoAreaName": "South-Eastern Asia"
  },
  {
    "geoAreaCode": "34",
    "geoAreaName": "Southern Asia"
  },
  {
    "geoAreaCode": "145",
    "geoAreaName": "Western Asia"
  },
  {
    "geoAreaCode": "151",
    "geoAreaName": "Eastern Europe"
  },
  {
    "geoAreaCode": "154",
    "geoAreaName": "Northern Europe"
  },
  {
    "geoAreaCode": "39",
    "geoAreaName": "Southern Europe"
  },
  {
    "geoAreaCode": "155",
    "geoAreaName": "Western Europe"
  },
  {
    "geoAreaCode": "53",
    "geoAreaName": "Australia and New Zealand"
  },
  {
    "geoAreaCode": "54",
    "geoAreaName": "Melanesia"
  },
  {
    "geoAreaCode": "57",
    "geoAreaName": "Micronesia"
  },
  {
    "geoAreaCode": "61",
    "geoAreaName": "Polynesia"
  },
  {
    "geoAreaCode": "150",
    "geoAreaName": "Europe"
  },
  {
    "geoAreaCode": "142",
    "geoAreaName": "Asia"
  },
  {
    "geoAreaCode": "9",
    "geoAreaName": "Oceania"
  },
  {
    "geoAreaCode": "830",
    "geoAreaName": "Channel Islands"
  },
  {
    "geoAreaCode": "535",
    "geoAreaName": "Bonaire, Sint Eustatius and Saba"
  },
  {
    "geoAreaCode": "531",
    "geoAreaName": "Curaçao"
  },
  {
    "geoAreaCode": "652",
    "geoAreaName": "Saint Barthélemy"
  },
  {
    "geoAreaCode": "663",
    "geoAreaName": "Saint Martin (French Part)"
  },
  {
    "geoAreaCode": "670",
    "geoAreaName": "Saint Vincent and the Grenadines"
  },
  {
    "geoAreaCode": "534",
    "geoAreaName": "Sint Maarten (Dutch part)"
  },
  {
    "geoAreaCode": "850",
    "geoAreaName": "United States Virgin Islands"
  },
  {
    "geoAreaCode": "680",
    "geoAreaName": "Sark"
  },
  {
    "geoAreaCode": "199",
    "geoAreaName": "Least Developed Countries (LDCs)"
  },
  {
    "geoAreaCode": "722",
    "geoAreaName": "Small island developing States (SIDS)"
  },
  {
    "geoAreaCode": "432",
    "geoAreaName": "Landlocked developing countries (LLDCs)"
  },
  {
    "geoAreaCode": "514",
    "geoAreaName": "Developed regions (Europe, Cyprus, Israel, Northern America, Japan, Australia & New Zealand)"
  },
  {
    "geoAreaCode": "515",
    "geoAreaName": "Developing regions"
  },
  {
    "geoAreaCode": "412",
    "geoAreaName": "Kosovo"
  },
  {
    "geoAreaCode": "62",
    "geoAreaName": "Central and Southern Asia"
  },
  {
    "geoAreaCode": "127",
    "geoAreaName": "Southern Asia (excluding India)"
  },
  {
    "geoAreaCode": "135",
    "geoAreaName": "Caucasus and Central Asia"
  },
  {
    "geoAreaCode": "198",
    "geoAreaName": "Organisation for Economic Co-operation and Development (OECD) Member States"
  },
  {
    "geoAreaCode": "223",
    "geoAreaName": "Eastern Asia (excluding Japan and China)"
  },
  {
    "geoAreaCode": "420",
    "geoAreaName": "Latin America"
  },
  {
    "geoAreaCode": "485",
    "geoAreaName": "Western Asia (exc. Armenia, Azerbaijan, Cyprus, Israel and Georgia)"
  },
  {
    "geoAreaCode": "513",
    "geoAreaName": "Europe and Northern America"
  },
  {
    "geoAreaCode": "518",
    "geoAreaName": "Eastern Asia (excluding Japan)"
  },
  {
    "geoAreaCode": "543",
    "geoAreaName": "Oceania (exc. Australia and New Zealand)"
  },
  {
    "geoAreaCode": "593",
    "geoAreaName": "Development Assistance Committee members (DAC)"
  },
  {
    "geoAreaCode": "738",
    "geoAreaName": "Sub-Saharan Africa (inc. Sudan)"
  },
  {
    "geoAreaCode": "746",
    "geoAreaName": "Northern Africa (exc. Sudan)"
  },
  {
    "geoAreaCode": "747",
    "geoAreaName": "Northern Africa and Western Asia"
  },
  {
    "geoAreaCode": "753",
    "geoAreaName": "Eastern and South-Eastern Asia"
  },
  {
    "geoAreaCode": "889",
    "geoAreaName": "World Trade Organization (WTO) Member States"
  },
  {
    "geoAreaCode": "891",
    "geoAreaName": "Serbia and Montenegro [former]"
  },
  {
    "geoAreaCode": "901",
    "geoAreaName": "Africa (ILO)"
  },
  {
    "geoAreaCode": "902",
    "geoAreaName": "Asia and the Pacific (ILO)"
  },
  {
    "geoAreaCode": "903",
    "geoAreaName": "Central and Eastern Europe (ILO)"
  },
  {
    "geoAreaCode": "904",
    "geoAreaName": "Middle East and North Africa (ILO)"
  },
  {
    "geoAreaCode": "905",
    "geoAreaName": "Middle East (ILO)"
  },
  {
    "geoAreaCode": "906",
    "geoAreaName": "North America (ILO)"
  },
  {
    "geoAreaCode": "907",
    "geoAreaName": "Other regions (ILO)"
  },
  {
    "geoAreaCode": "908",
    "geoAreaName": "Western Europe (ILO)"
  },
  {
    "geoAreaCode": "910",
    "geoAreaName": "High income economies (WB)"
  },
  {
    "geoAreaCode": "911",
    "geoAreaName": "Low income economies (WB)"
  },
  {
    "geoAreaCode": "912",
    "geoAreaName": "Lower middle economies (WB)"
  },
  {
    "geoAreaCode": "913",
    "geoAreaName": "Low and middle income economies (WB)"
  },
  {
    "geoAreaCode": "914",
    "geoAreaName": "Upper middle economies (WB)"
  },
  {
    "geoAreaCode": "915",
    "geoAreaName": "WTO Developing Member States"
  },
  {
    "geoAreaCode": "916",
    "geoAreaName": "WTO Developed Member States"
  },
  {
    "geoAreaCode": "917",
    "geoAreaName": "International Centers (FAO)"
  },
  {
    "geoAreaCode": "736",
    "geoAreaName": "Sudan [former]"
  },
  {
    "geoAreaCode": "918",
    "geoAreaName": "European Union (EU) Institutions"
  },
  {
    "geoAreaCode": "97",
    "geoAreaName": "European Union"
  },
  {
    "geoAreaCode": "919",
    "geoAreaName": "Regional Centres (FAO)"
  },
  {
    "geoAreaCode": "920",
    "geoAreaName": "Azores Islands"
  },
  {
    "geoAreaCode": "921",
    "geoAreaName": "ODA residual"
  },
  {
    "geoAreaCode": "922",
    "geoAreaName": "Custom groupings of data providers"
  },
  {
    "geoAreaCode": "827",
    "geoAreaName": "United Kingdom (England and Wales)"
  },
  {
    "geoAreaCode": "828",
    "geoAreaName": "United Kingdom (Northern Ireland)"
  },
  {
    "geoAreaCode": "829",
    "geoAreaName": "United Kingdom (Scotland)"
  },
  {
    "geoAreaCode": "369",
    "geoAreaName": "Iraq (Central Iraq)"
  },
  {
    "geoAreaCode": "370",
    "geoAreaName": "Iraq (Kurdistan Region)"
  },
  {
    "geoAreaCode": "99018",
    "geoAreaName": "FAO Major Fishing Area: Pacific, Eastern Central"
  },
  {
    "geoAreaCode": "99019",
    "geoAreaName": "FAO Major Fishing Area: Pacific, Northeast"
  },
  {
    "geoAreaCode": "99020",
    "geoAreaName": "FAO Major Fishing Area: Pacific, Northwest"
  },
  {
    "geoAreaCode": "99021",
    "geoAreaName": "FAO Major Fishing Area: Pacific, Western Central"
  },
  {
    "geoAreaCode": "99022",
    "geoAreaName": "FAO Major Fishing Area: Pacific, Southwest"
  },
  {
    "geoAreaCode": "99023",
    "geoAreaName": "FAO Major Fishing Area: Atlantic, Northwest"
  },
  {
    "geoAreaCode": "99024",
    "geoAreaName": "FAO Major Fishing Area: Atlantic, Northeast"
  },
  {
    "geoAreaCode": "99025",
    "geoAreaName": "FAO Major Fishing Area: Indian Ocean, Eastern"
  },
  {
    "geoAreaCode": "99026",
    "geoAreaName": "FAO Major Fishing Area: Atlantic, Southeast"
  },
  {
    "geoAreaCode": "99027",
    "geoAreaName": "FAO Major Fishing Area: Indian Ocean, Western"
  },
  {
    "geoAreaCode": "99028",
    "geoAreaName": "FAO Major Fishing Area: Atlantic, Western Central"
  },
  {
    "geoAreaCode": "99029",
    "geoAreaName": "FAO Major Fishing Area: Atlantic, Eastern Central"
  },
  {
    "geoAreaCode": "99030",
    "geoAreaName": "FAO Major Fishing Area: Atlantic, Southwest"
  },
  {
    "geoAreaCode": "99031",
    "geoAreaName": "FAO Major Fishing Area: Pacific, Southeast"
  },
  {
    "geoAreaCode": "99032",
    "geoAreaName": "FAO Major Fishing Area: Mediterranean and Black Sea"
  },
  {
    "geoAreaCode": "896",
    "geoAreaName": "Areas not elsewhere specified"
  },
  {
    "geoAreaCode": "99033",
    "geoAreaName": "World Marine Bunkers"
  },
  {
    "geoAreaCode": "99034",
    "geoAreaName": "World Aviation Bunkers"
  },
  {
    "geoAreaCode": "99035",
    "geoAreaName": "Residual/unallocated ODA: Central Asia and Southern Asia"
  },
  {
    "geoAreaCode": "99036",
    "geoAreaName": "Residual/unallocated ODA: Eastern and South-eastern Asia"
  },
  {
    "geoAreaCode": "99037",
    "geoAreaName": "Residual/unallocated ODA: Latin America and the Caribbean"
  },
  {
    "geoAreaCode": "99038",
    "geoAreaName": "Residual/unallocated ODA: Oceania excl. Aus. and N. Zealand"
  },
  {
    "geoAreaCode": "99039",
    "geoAreaName": "Residual/unallocated ODA: Sub-Saharan Africa"
  },
  {
    "geoAreaCode": "99040",
    "geoAreaName": "Residual/unallocated ODA: Western Asia and Northern Africa"
  },
  {
    "geoAreaCode": "577",
    "geoAreaName": "Africa not elsewhere specified"
  },
  {
    "geoAreaCode": "636",
    "geoAreaName": "Other non-oecd Americas"
  },
  {
    "geoAreaCode": "527",
    "geoAreaName": "Other non-OECD Oceania"
  },
  {
    "geoAreaCode": "487",
    "geoAreaName": "Other non-OECD Asia"
  },
  {
    "geoAreaCode": "99041",
    "geoAreaName": "Belgium and Luxembourg"
  },
  {
    "geoAreaCode": "890",
    "geoAreaName": "Yugoslavia [former]"
  },
  {
    "geoAreaCode": "99042",
    "geoAreaName": "WHO Africa"
  },
  {
    "geoAreaCode": "99043",
    "geoAreaName": "WHO Americas"
  },
  {
    "geoAreaCode": "99044",
    "geoAreaName": "WHO South-East Asia"
  },
  {
    "geoAreaCode": "99045",
    "geoAreaName": "WHO Europe"
  },
  {
    "geoAreaCode": "99046",
    "geoAreaName": "WHO Eastern Mediterranean"
  },
  {
    "geoAreaCode": "99047",
    "geoAreaName": "WHO Western Pacific"
  },
  {
    "geoAreaCode": "99048",
    "geoAreaName": "WHO Global"
  }
]