Year,sri lanka_1.5.1_2961,sri lanka_1.4.1_2270,sri lanka_1.4.1_2269,sri lanka_1.4.1_2271,sri lanka_1.5.1_3307,sri lanka_1.5.1_2957,sri lanka_1.4.1_2273,sri lanka_1.4.1_2272,sri lanka_1.4.1_2274,sri lanka_1.5.1_3320,sri lanka_1.1.1_1,sri lanka_1.1.1_8,sri lanka_1.1.1_9,sri lanka_1.1.1_6,sri lanka_1.1.1_5,sri lanka_1.1.1_7,sri lanka_1.1.1_3,sri lanka_1.1.1_2,sri lanka_1.1.1_4,sri lanka_1.5.1_3314,sri lanka_1.5.1_2960,sri lanka_1.5.1_3306,sri lanka_1.a.1_2956,sri lanka_1.5.1_3309,sri lanka_1.a.2_2277,sri lanka_2.c.1_2323,sri lanka_2.2.3_2304,sri lanka_2.a.1_2321,sri lanka_2.5.1_2318,sri lanka_2.1.1_2278,sri lanka_2.c.1_408,sri lanka_2.c.1_410,sri lanka_2.2_2949,sri lanka_2.2_2955,sri lanka_2.a.1_2322,sri lanka_2.a.1_2320,sri lanka_2.1.1_2279,sri lanka_2.a.2_2967,sri lanka_3.3.2_2326,sri lanka_3.3.5_2328,sri lanka_3.2.1_417,sri lanka_3.2.1_416,sri lanka_3.2.1_415,sri lanka_3.a.1_490,sri lanka_3.a.1_489,sri lanka_3.a.1_488,sri lanka_3.2.1_420,sri lanka_3.2.1_419,sri lanka_3.2.1_418,sri lanka_3.1.1_2324,sri lanka_3.3.1_429,sri lanka_3.3.1_441,sri lanka_3.3.1_430,sri lanka_3.3.1_432,sri lanka_3.3.1_438,sri lanka_3.3.1_439,sri lanka_3.3.1_431,sri lanka_3.3.1_433,sri lanka_3.3.1_435,sri lanka_3.3.1_434,sri lanka_3.3.1_437,sri lanka_3.b.2_2969,sri lanka_3.2.1_426,sri lanka_3.2.1_425,sri lanka_3.2.1_424,sri lanka_3.c.1_2366,sri lanka_3.c.1_2364,sri lanka_3.c.1_2365,sri lanka_3.c.1_2367,sri lanka_3.b.1_2356,sri lanka_3.2.1_423,sri lanka_3.2.1_422,sri lanka_3.2.1_421,sri lanka_3.b.2_2975,sri lanka_3.2.2_427,sri lanka_3.b.1_2359,sri lanka_3.d.1_501,sri lanka_3.d.1_510,sri lanka_3.d.1_506,sri lanka_3.d.1_503,sri lanka_3.d.1_507,sri lanka_3.d.1_511,sri lanka_3.d.1_509,sri lanka_3.d.1_512,sri lanka_3.d.1_504,sri lanka_3.d.1_502,sri lanka_3.d.1_505,sri lanka_3.d.1_513,sri lanka_3.d.1_508,sri lanka_3.2.2_428,sri lanka_3.7.2_474,sri lanka_4.c.1_647,sri lanka_4.b.1_3085,sri lanka_4.3.1_537,sri lanka_5.5.2_938,sri lanka_5.5.1_937,sri lanka_5.5.2_939,sri lanka_5.5.1_935,sri lanka_6.a.1_3165,sri lanka_6.2.1_2593,sri lanka_6.2.1_2592,sri lanka_6.2.1_2594,sri lanka_6.6.1_2631,sri lanka_6.4.1_2622,sri lanka_6.6.1_2630,sri lanka_6.6.1_2632,sri lanka_6.6.1_2629,sri lanka_6.4.2_2623,sri lanka_6.1.1_3359,sri lanka_7.3.1_2638,sri lanka_7.1.1_2634,sri lanka_7.1.1_2633,sri lanka_7.1.1_2635,sri lanka_7.b.1_3173,sri lanka_7.2.1_2637,sri lanka_7.1.2_2636,sri lanka_7.a.1_3174,sri lanka_8.8.1_1240,sri lanka_8.8.1_1239,sri lanka_8.8.1_1236,sri lanka_8.a.1_3182,sri lanka_8.a.1_3175,sri lanka_8.3.1_3364,sri lanka_8.3.1_3365,sri lanka_8.3.1_3366,sri lanka_8.3.1_3367,sri lanka_8.3.1_3368,sri lanka_8.3.1_3369,sri lanka_8.3.1_3370,sri lanka_8.3.1_3371,sri lanka_8.3.1_3372,sri lanka_8.2.1_2645,sri lanka_8.10.1_2641,sri lanka_8.5.2_1160,sri lanka_8.5.2_1167,sri lanka_8.5.2_1168,sri lanka_8.5.2_1165,sri lanka_8.5.2_1164,sri lanka_8.5.2_1166,sri lanka_8.5.2_1162,sri lanka_8.5.2_1161,sri lanka_8.5.2_1163,sri lanka_8.4.2_1043,sri lanka_8.4.2_1039,sri lanka_8.4.2_1038,sri lanka_8.4.2_1051,sri lanka_8.4.2_1035,sri lanka_8.4.2_1037,sri lanka_8.4.2_1036,sri lanka_8.4.2_1046,sri lanka_8.4.2_1034,sri lanka_8.4.2_1041,sri lanka_8.4.2_1048,sri lanka_8.4.2_2646,sri lanka_8.4.2_1045,sri lanka_8.4.2_1042,sri lanka_8.4.2_1044,sri lanka_8.4.2_1050,sri lanka_8.1.1_2639,sri lanka_8.10.1_2640,sri lanka_8.8.1_1225,sri lanka_8.8.1_1224,sri lanka_8.8.1_1221,sri lanka_8.4.2_1079,sri lanka_8.4.2_1075,sri lanka_8.4.2_1074,sri lanka_8.4.2_1087,sri lanka_8.4.2_1071,sri lanka_8.4.2_1073,sri lanka_8.4.2_1072,sri lanka_8.4.2_1082,sri lanka_8.4.2_1070,sri lanka_8.4.2_1077,sri lanka_8.4.2_1084,sri lanka_8.4.2_2664,sri lanka_8.4.2_1081,sri lanka_8.4.2_1078,sri lanka_8.4.2_1080,sri lanka_8.4.2_1086,sri lanka_8.4.2_2656,sri lanka_8.4.2_2650,sri lanka_8.4.2_2660,sri lanka_8.4.2_2662,sri lanka_8.4.2_2654,sri lanka_8.4.2_2659,sri lanka_8.4.2_2661,sri lanka_8.4.2_2647,sri lanka_8.4.2_2648,sri lanka_8.4.2_2655,sri lanka_8.4.2_2663,sri lanka_8.4.2_2657,sri lanka_8.4.2_2652,sri lanka_8.4.2_2651,sri lanka_8.4.2_2653,sri lanka_8.4.2_2658,sri lanka_8.5.1_2667,sri lanka_8.5.1_2682,sri lanka_8.5.1_2691,sri lanka_8.5.1_2676,sri lanka_8.5.1_3378,sri lanka_8.5.1_2685,sri lanka_8.5.1_2670,sri lanka_8.5.1_2673,sri lanka_8.5.1_2679,sri lanka_8.5.1_2694,sri lanka_8.5.1_2688,sri lanka_8.5.1_2665,sri lanka_8.5.1_2680,sri lanka_8.5.1_2689,sri lanka_8.5.1_2674,sri lanka_8.5.1_2683,sri lanka_8.5.1_2668,sri lanka_8.5.1_2671,sri lanka_8.5.1_2677,sri lanka_8.5.1_2692,sri lanka_8.5.1_2686,sri lanka_8.5.1_2666,sri lanka_8.5.1_2681,sri lanka_8.5.1_2690,sri lanka_8.5.1_2675,sri lanka_8.5.1_3376,sri lanka_8.5.1_2684,sri lanka_8.5.1_2669,sri lanka_8.5.1_2672,sri lanka_8.5.1_2678,sri lanka_8.5.1_2693,sri lanka_8.5.1_2687,sri lanka_8.6.1_1179,sri lanka_8.6.1_1188,sri lanka_8.6.1_1183,sri lanka_9.2.1_2701,sri lanka_9.c.1_2713,sri lanka_9.c.1_2714,sri lanka_9.4.1_2705,sri lanka_9.4.1_2706,sri lanka_9.c.1_2712,sri lanka_9.2.1_2702,sri lanka_9.2.2_2703,sri lanka_9.a.1_3183,sri lanka_9.1.2_2699,sri lanka_9.2_2897,sri lanka_9.4.1_2708,sri lanka_9.4.1_2707,sri lanka_9.5.1_2709,sri lanka_9.5.2_2710,sri lanka_9.b.1_2711,sri lanka_10.6.1_1300,sri lanka_10.6.1_1305,sri lanka_10.6.1_1302,sri lanka_10.6.1_1295,sri lanka_10.6.1_1303,sri lanka_10.6.1_1301,sri lanka_10.5.1_2727,sri lanka_10.a.1_1306,sri lanka_10.a.1_1312,sri lanka_10.a.1_1309,sri lanka_10.a.1_1307,sri lanka_10.a.1_1310,sri lanka_10.6.1_1289,sri lanka_10.6.1_1294,sri lanka_10.6.1_1291,sri lanka_10.6.1_1284,sri lanka_10.6.1_1292,sri lanka_10.6.1_1290,sri lanka_10.5.1_2730,sri lanka_10.5.1_2731,sri lanka_10.b.1_3185,sri lanka_10.7_2950,sri lanka_10.5.1_2728,sri lanka_10.5.1_2725,sri lanka_10.5.1_2726,sri lanka_10.4.1_2721,sri lanka_11.5.1_3188,sri lanka_11.5.1_3382,sri lanka_11.6.2_1844,sri lanka_11.6.2_2742,sri lanka_11.6.2_1845,sri lanka_11.5.1_3186,sri lanka_11.5.1_3389,sri lanka_11.5.1_3385,sri lanka_11.5.1_3187,sri lanka_11.5.1_3381,sri lanka_11.5.1_3384,sri lanka_12.2.2_1864,sri lanka_12.2.2_1860,sri lanka_12.2.2_1859,sri lanka_12.2.2_1872,sri lanka_12.2.2_1856,sri lanka_12.2.2_1858,sri lanka_12.2.2_1857,sri lanka_12.2.2_1867,sri lanka_12.2.2_1855,sri lanka_12.2.2_1862,sri lanka_12.2.2_1869,sri lanka_12.2.2_2745,sri lanka_12.2.2_1866,sri lanka_12.2.2_1863,sri lanka_12.2.2_1865,sri lanka_12.2.2_1871,sri lanka_12.a.1_3194,sri lanka_12.2.2_1900,sri lanka_12.2.2_1896,sri lanka_12.2.2_1895,sri lanka_12.2.2_1908,sri lanka_12.2.2_1892,sri lanka_12.2.2_1894,sri lanka_12.2.2_1893,sri lanka_12.2.2_1903,sri lanka_12.2.2_1891,sri lanka_12.2.2_1898,sri lanka_12.2.2_1905,sri lanka_12.2.2_2763,sri lanka_12.2.2_1902,sri lanka_12.2.2_1899,sri lanka_12.2.2_1901,sri lanka_12.2.2_1907,sri lanka_12.2.2_2755,sri lanka_12.2.2_2749,sri lanka_12.2.2_2759,sri lanka_12.2.2_2761,sri lanka_12.2.2_2753,sri lanka_12.2.2_2758,sri lanka_12.2.2_2760,sri lanka_12.2.2_2746,sri lanka_12.2.2_2747,sri lanka_12.2.2_2754,sri lanka_12.2.2_2762,sri lanka_12.2.2_2756,sri lanka_12.2.2_2751,sri lanka_12.2.2_2750,sri lanka_12.2.2_2752,sri lanka_12.2.2_2757,sri lanka_13.1.1_3199,sri lanka_13.1.1_3397,sri lanka_13.1.1_3197,sri lanka_13.1.1_3402,sri lanka_13.1.1_3400,sri lanka_13.1.1_3198,sri lanka_13.1.1_3396,sri lanka_13.1.1_3399,sri lanka_14.5.1_2800,sri lanka_14.1.1_2795,sri lanka_15.1.1_2808,sri lanka_15.1.2_2810,sri lanka_15.a.1_3204,sri lanka_15.b.1_3207,sri lanka_15.2.1_2812,sri lanka_15.1.2_2811,sri lanka_15.5.1_2819,sri lanka_15.4.1_3208,sri lanka_15.1.1_2809,sri lanka_15.6.1_2824,sri lanka_15.2.1_2816,sri lanka_15.1.1_2807,sri lanka_15.2.1_2813,sri lanka_15.6.1_2823,sri lanka_16.8.1_2186,sri lanka_16.8.1_2191,sri lanka_16.8.1_2188,sri lanka_16.8.1_2181,sri lanka_16.8.1_2189,sri lanka_16.8.1_2187,sri lanka_16.6.1_3405,sri lanka_16.1.1_2834,sri lanka_16.1.1_2833,sri lanka_16.8.1_2175,sri lanka_16.8.1_2180,sri lanka_16.8.1_2177,sri lanka_16.8.1_2170,sri lanka_16.8.1_2178,sri lanka_16.8.1_2176,sri lanka_16.1.1_2836,sri lanka_16.1.1_2835,sri lanka_17.12.1_3248,sri lanka_17.12.1_3247,sri lanka_17.12.1_3250,sri lanka_17.12.1_3253,sri lanka_17.12.1_3251,sri lanka_17.4.1_3246,sri lanka_17.1.2_2860,sri lanka_17.10.1_3265,sri lanka_17.10.1_3264,sri lanka_17.10.1_3267,sri lanka_17.10.1_3268,sri lanka_17.10.1_3269,sri lanka_17.17.1_3263,sri lanka_17.12.1_3257,sri lanka_17.12.1_3256,sri lanka_17.12.1_3259,sri lanka_17.12.1_3260,sri lanka_17.12.1_3261,sri lanka_17.8.1_2895,sri lanka_17.1.1_2859,sri lanka_17.6.1_2889,sri lanka_17.6.1_2887,sri lanka_17.6.1_2888,sri lanka_17.17_3255,sri lanka_17.3.2_2886,sri lanka_17.6.1_2893,sri lanka_17.6.1_2891,sri lanka_17.6.1_2892,sri lanka_17.1.1_2858,sri lanka_17.3.1_2885,sri lanka_17.9.1_3254,sri lanka_17.10.1_3271,sri lanka_17.10.1_3270,sri lanka_17.10.1_3273,sri lanka_17.10.1_3275,sri lanka_17.10.1_3274
2001,37.0,86.5158,86.89872,84.81016,2403.23763,37.0,81.31739,78.11394,95.58668,1.0,6.4,5.3,5.1,4.0,4.9,5.0,5.7,5.2,5.1,29.0,0.18835,472092.0,0.1481,472063.0,8.27079,0.1,37.0,8.77475,7375.0,16.3,-0.6,-1.3,37.1,34.9,0.41638,3.65362,3.1,92.30984,66.0,36329.0,2580.0,2036.0,4616.0,45.8,6.3,26.1,14.2,11.7,13.0,50.0,0.04,0.02,0.06,0.04,0.02,0.02,0.01,0.03,0.01,0.04,0.02,6.92763,16.4,13.8,15.1,0.3960027359781122,0.468,5.405,13.886459644322844,90.0,2965.0,2384.0,5349.0,28.43461,2293.0,99.0,75.0,92.0,80.0,75.0,66.0,66.0,91.0,0.0,67.0,50.0,51.0,0.0,66.0,6.4,27.5,82.11015,3.07192,0.750104313,20.39,4.44,23.73,10.0,35.78399,3.16508,3.39789,2.12807,963.144011,3.11,1.536127383,1.535869895,963.305482,91.0,86.16805,3.0,75.0,72.0,91.0,65.326,61.3058,18.0,0.04,21.1,12.7,69.8,270.43418,466.13491,66.4,73.2,91.1,56.9,66.7,84.2,63.5,71.0,88.4,4.3,9.266528231,21.7,5.9,2.2,33.9,12.9,6.5,26.2,8.2,3.6,0.0022,0.18683,0.02763,0.25268,0.005,0.53097,0.49615,1.3805,1.44127,0.14119,0.18183,3.03843,1.35633,0.02983,0.02417,0.02028,5.05,8.702928824,1.3,0.1,2.0,42218.0,3590000.0,530896.0,4855395.0,96000.0,10202698.0,9533673.0,26526761.0,27694533.0,2713005.0,3494000.0,58384408.29,26062279.0,573114.0,464482.0,389762.0,0.00114,0.0966,0.01429,0.13065,0.00258,0.27453,0.7452,0.71378,0.25653,0.073,0.09402,0.01542,0.70128,1.571,0.0125,0.01049,213.3,60.2,145.0,91.2,126.1,92.4,214.3,69.6,99.4,122.3,82.1,160.1,53.1,121.0,54.7,77.6,216.6,52.4,91.8,112.5,69.1,179.3,59.1,135.8,81.8,121.4,89.7,214.9,63.7,96.9,117.3,79.2,17.5,35.1,26.7,19.51,72.0,80.0,1.193,11.949,5.0,397.4,16.5,128.99444,4100000.0,18.64,0.156,0.09863,0.1821,138.18429,10.49,0.25126,0.67114,0.20153,0.78,0.52356,0.30664,37.02298543,37.53369,25.66602,22.31405,34.14416,38.0637,0.54348,0.67114,0.55249,1.5625,0.52356,0.5618,14.3469672,8.721269864,592.51833,630.651,3.815768066,11.49013773,2.415004983,33.9,37.0,2403.23763,20.59052,19.89851,21.30643,37.0,1.0,29.0,0.18835,472092.0,472063.0,0.0022,0.18683,0.02763,0.25268,0.005,0.53097,0.49615,1.3805,1.44127,0.14119,0.18183,3.03843,1.35633,0.02983,0.02417,0.02028,65.326,42218.0,3590000.0,530896.0,4855395.0,96000.0,10202698.0,9533673.0,26526761.0,27694533.0,2713005.0,3494000.0,58384408.29,26062279.0,573114.0,464482.0,389762.0,0.00114,0.0966,0.01429,0.13065,0.00258,0.27453,0.7452,0.71378,0.25653,0.073,0.09402,0.01542,0.70128,1.571,0.0125,0.01049,37.0,2403.23763,37.0,1.0,29.0,0.18835,472092.0,472063.0,46.34869,3.34,33.54521,36.84505,19.05258,19.05258,79.3,34.80943,0.62933,20.46183,2103.62,39.0,17.799,6271.0,29.93,0.0,0.25126,0.67114,0.20153,0.78,0.52356,0.30664,100.81,16.90267,3.42007,0.54348,0.67114,0.55249,1.5625,0.52356,0.5618,1653.0,349.0,4.65089,7.4588,11.68995,5.0375,2.7823,7.78961,56.59946,15.78,14.95,10.27,10.56,8.96,20.78,3.25907,4.07066,8.0728,0.9273,2.74195,1.46,13.62662557,0.00995,0.01777,1.09782,28.87916,7.5388607,2044.0,3417.0,225411.0,284216.0,198.7,120.17653,15.71,14.35,6.98,8.53,9.88
2002,37.0,87.14216,87.64621,84.8947,2403.23763,37.0,81.89775,78.8059,95.68371,1.0,5.7,4.7,4.5,3.6,4.3,4.4,5.1,4.6,4.5,29.0,0.18835,472092.0,0.17397,472063.0,8.27079,0.1,36.5,8.3193,7375.0,15.7,-0.6,-1.3,36.6,34.6,0.42138,3.50558,3.0,41.36366,66.0,36329.0,3028.0,2476.0,5504.0,45.8,6.3,26.1,16.5,14.1,15.4,48.0,0.04,0.02,0.05,0.03,0.02,0.02,0.01,0.03,0.01,0.04,0.02,10.58063,30.3,27.8,29.1,0.398,0.468,5.405,17.142,95.0,5510.0,4830.0,10340.0,28.43461,2336.0,97.0,75.0,92.0,80.0,75.0,66.0,66.0,91.0,0.0,67.0,50.0,51.0,0.0,66.0,6.5,26.0,82.11015,3.07192,0.750104313,19.79,4.44,23.73,10.0,46.46297,3.16527,3.39789,2.12807,963.144011,3.11,1.536127383,1.535869895,963.305482,90.9,86.19389,2.88,77.0,73.0,91.0,66.562,61.6133,19.0,0.14,21.1,12.7,47.1,270.43418,466.13491,66.4,73.2,91.1,56.9,66.7,84.2,63.5,71.0,88.4,4.7,9.266528231,21.2,6.1,2.6,35.7,12.9,6.3,26.5,8.4,3.8,0.00163,0.20132,0.02712,0.24957,0.00134,0.5089,0.46354,1.2963,1.37975,0.13733,0.19997,2.90611,1.27225,0.02875,0.02405,0.02041,4.56,8.702928824,1.3,0.1,1.4,31565.0,3900000.0,525462.0,4834811.0,26000.0,9858683.0,8979862.0,25112534.0,26729223.0,2660391.0,3874000.0,56298784.58,24646700.0,557027.0,465835.0,395476.0,0.00081,0.09952,0.01341,0.12338,0.00066,0.25158,0.68209,0.64083,0.22915,0.06789,0.09886,0.01421,0.62895,1.43666,0.01189,0.01009,213.3,60.2,145.0,91.2,126.1,92.4,214.3,69.6,99.4,122.3,82.1,160.1,53.1,121.0,54.7,77.6,216.6,52.4,91.8,112.5,69.1,179.3,59.1,135.8,81.8,121.4,89.7,214.9,63.7,96.9,117.3,79.2,17.5,35.1,26.7,19.46,72.0,80.0,0.842,12.314,5.0,414.5,17.45,91.00452,4100000.0,18.77,0.105,0.09639,0.1821,138.18429,19.54,0.25126,0.67114,0.20153,0.78,0.52356,0.30664,37.02298543,37.53369,25.66602,22.31405,34.14416,38.0637,0.54348,0.67114,0.55249,1.5625,0.52356,0.5618,14.3469672,8.721269864,587.78167,584.841,3.815768066,11.49013773,2.415004983,33.9,37.0,2403.23763,20.59052,19.89851,21.30643,37.0,1.0,29.0,0.18835,472092.0,472063.0,0.00163,0.20132,0.02712,0.24957,0.00134,0.5089,0.46354,1.2963,1.37975,0.13733,0.19997,2.90611,1.27225,0.02875,0.02405,0.02041,66.562,31565.0,3900000.0,525462.0,4834811.0,26000.0,9858683.0,8979862.0,25112534.0,26729223.0,2660391.0,3874000.0,56298784.58,24646700.0,557027.0,465835.0,395476.0,0.00081,0.09952,0.01341,0.12338,0.00066,0.25158,0.68209,0.64083,0.22915,0.06789,0.09886,0.01421,0.62895,1.43666,0.01189,0.01009,37.0,2403.23763,37.0,1.0,29.0,0.18835,472092.0,472063.0,46.34869,2.3,33.54521,36.84505,15.9473,15.9473,79.3,34.80943,0.62511,20.46183,2103.62,39.0,17.799,6271.0,29.93,0.0,0.25126,0.67114,0.20153,0.78,0.52356,0.30664,100.81,16.90267,3.42007,0.54348,0.67114,0.55249,1.5625,0.52356,0.5618,1653.0,349.0,4.65089,7.4588,11.68995,5.0375,2.7823,8.95593,59.4772,15.78,14.95,10.27,10.56,8.96,80.8,3.25907,4.07066,8.0728,0.9273,2.74195,1.45,13.37495914,0.00995,0.10548,1.09782,109.36443,7.6165906,2044.0,20450.0,225411.0,320047.0,223.0,61.54641,15.71,14.35,6.98,8.53,9.88
2003,37.0,87.76874,88.39369,84.97924,2403.23763,37.0,82.47739,79.49696,95.78078,1.0,5.4,4.5,4.3,3.4,4.1,4.2,4.8,4.3,4.3,29.0,0.18835,472092.0,0.39821,472063.0,8.27079,0.1,36.0,7.83891,7375.0,14.8,-0.6,-1.3,36.0,34.4,0.50734,3.97698,2.9,51.20062,66.0,36329.0,2455.0,1946.0,4401.0,45.8,6.3,26.1,13.3,11.0,12.2,45.0,0.04,0.02,0.05,0.03,0.02,0.02,0.01,0.03,0.01,0.03,0.02,11.50969,15.4,12.9,14.2,0.488,0.4610063868613139,5.218,14.077,99.0,2823.0,2274.0,5097.0,28.43461,2332.0,99.0,75.0,92.0,80.0,75.0,66.0,66.0,91.0,0.0,67.0,50.0,51.0,0.0,66.0,6.4,23.9,82.11015,3.07192,0.750104313,22.39,4.89,23.73,11.0,84.0669,3.16547,3.39789,2.12807,963.144011,3.11,1.536127383,1.535869895,963.305482,90.85,86.21974,2.78,78.0,75.0,92.0,66.643,60.0809,19.0,25.88,21.1,12.7,46.3,270.43418,466.13491,66.4,73.2,91.1,56.9,66.7,84.2,63.5,71.0,88.4,4.6,9.266528231,20.4,5.6,2.3,37.1,11.9,5.6,26.4,7.7,3.4,0.0038,0.21107,0.02869,0.25008,0.00481,0.53606,0.47171,1.63279,1.41351,0.1409,0.20625,3.28986,1.60644,0.0325,0.02635,0.01477,5.38,9.006865844,1.3,0.1,1.7,74237.0,4121000.0,560234.0,4882734.0,94000.0,10466262.0,9209853.0,31879436.0,27598207.0,2750990.0,4027000.0,64233114.73,31364995.0,634471.0,514441.0,288369.0,0.00178,0.09898,0.01346,0.11728,0.00226,0.25139,0.66289,0.76572,0.22121,0.06608,0.09673,0.01524,0.75336,1.54283,0.01236,0.00693,213.3,60.2,145.0,91.2,126.1,92.4,214.3,69.6,99.4,122.3,82.1,160.1,53.1,121.0,54.7,77.6,216.6,52.4,91.8,112.5,69.1,179.3,59.1,135.8,81.8,121.4,89.7,214.9,63.7,96.9,117.3,79.2,17.5,35.1,26.7,19.45,72.0,85.0,1.191,13.393,5.0,436.5,18.4,133.69409,4100000.0,19.57,0.14,0.09868,0.17815,115.6245,19.54,0.25126,0.67114,0.20153,0.78,0.52356,0.30664,37.02298543,37.53369,25.66602,22.31405,34.14416,38.0637,0.54348,0.67114,0.55249,1.5625,0.52356,0.5618,14.3469672,8.721269864,1114.59667,550.203,3.815768066,11.49013773,2.415004983,34.0,37.0,2403.23763,20.59052,19.89851,21.30643,37.0,1.0,29.0,0.18835,472092.0,472063.0,0.0038,0.21107,0.02869,0.25008,0.00481,0.53606,0.47171,1.63279,1.41351,0.1409,0.20625,3.28986,1.60644,0.0325,0.02635,0.01477,66.643,74237.0,4121000.0,560234.0,4882734.0,94000.0,10466262.0,9209853.0,31879436.0,27598207.0,2750990.0,4027000.0,64233114.73,31364995.0,634471.0,514441.0,288369.0,0.00178,0.09898,0.01346,0.11728,0.00226,0.25139,0.66289,0.76572,0.22121,0.06608,0.09673,0.01524,0.75336,1.54283,0.01236,0.00693,37.0,2403.23763,37.0,1.0,29.0,0.18835,472092.0,472063.0,46.34869,4.03,33.54521,36.84505,15.3099,15.3099,79.3,34.80943,0.62186,20.46183,2103.62,39.0,17.799,6271.0,29.93,0.0,0.25126,0.67114,0.20153,0.78,0.52356,0.30664,100.81,16.90267,3.42007,0.54348,0.67114,0.55249,1.5625,0.52356,0.5618,1653.0,349.0,4.65089,7.4588,11.68995,5.0375,2.7823,4.56481,57.73324,15.78,14.95,10.27,10.56,8.96,64.1,3.25907,4.07066,8.0728,0.9273,2.74195,1.79,14.68795958,0.00995,0.10744,1.09782,83.91367,8.0945379,2044.0,21000.0,225411.0,412307.0,272.0,111.86153,15.71,14.35,6.98,8.53,9.88
2004,93.0,88.39551,89.14118,85.06378,3786.92718,92.0,83.05665,80.18713,95.87789,1.0,4.4,3.6,3.5,2.7,3.3,3.4,3.9,3.5,3.5,147.0,0.46833,752008.0,0.26108,751861.0,8.27079,0.1,35.5,7.51845,7593.680175246441,14.2,-0.6,-1.3,35.6,34.1,0.63785,4.79568,2.8,48.87844,66.0,36329.0,2361.0,1872.0,4233.0,45.58012048192771,5.960186199342826,25.80016429353779,12.7,10.5,11.7,47.0,0.03,0.02,0.05,0.03,0.02,0.02,0.01,0.03,0.01,0.03,0.02,10.56273,14.7,12.3,13.5,0.6,0.4540127737226277,5.219,16.715,98.0,2719.0,2185.0,4904.0,28.43461,2464.0,98.0,75.0,92.0,80.0,75.0,66.0,66.0,91.0,0.0,67.0,50.0,51.0,0.0,66.0,6.8,21.2,82.11015,3.07192,0.750104313,20.51,4.89,23.73,11.0,99.00214,2.94407,3.17185,1.92632,964.426189,3.11,1.538048479,1.53791451,964.510201,90.8,86.60426,2.6,82.0,79.0,94.0,67.325,62.1784,20.0,0.09,21.1,12.7,58.0,270.43418,305.5388,66.4,73.2,91.1,56.9,66.7,84.2,63.5,71.0,88.4,5.7,9.266528231,17.5,4.7,2.2,28.2,9.7,5.6,21.6,6.5,3.4,0.00403,0.20788,0.03515,0.2301,0.00356,0.5816,0.52984,1.86656,1.48967,0.13047,0.20432,3.60329,1.83521,0.03918,0.03135,0.01767,6.84,12.00066751,1.3,0.1,2.8,79198.0,4089000.0,691429.0,4526020.0,70000.0,11440229.0,10422005.0,36715479.0,29302108.0,2566352.0,4019000.0,70877214.09,36098807.0,770627.0,616672.0,347503.0,0.00177,0.09122,0.01542,0.10097,0.00156,0.25521,0.65369,0.81907,0.2325,0.05725,0.08966,0.01719,0.80531,1.58117,0.01376,0.00775,213.3,60.2,145.0,91.2,126.1,92.4,214.3,69.6,99.4,122.3,82.1,160.1,53.1,121.0,54.7,77.6,216.6,52.4,91.8,112.5,69.1,179.3,59.1,135.8,81.8,121.4,89.7,214.9,63.7,96.9,117.3,79.2,17.5,35.1,26.7,19.06,72.0,90.0,1.167,11.78,5.0,457.2,19.2,192.04341,4100000.0,19.28,0.13,0.08061,0.1742,93.06471,17.62,0.2511780449069003,0.667631922234392,0.2008163910186199,0.7889950711938664,0.5230142990142388,0.3064740909090909,37.02298543,37.50008841182913,26.006041686746983,21.901324151150057,33.933161615553125,38.0043984939759,0.5417369550930996,0.667631922234392,0.5518823329682366,1.5485156626506025,0.5230142990142388,0.5593313526834611,14.3469672,8.721269864,971.53667,590.266,3.815768066,11.49013773,2.415004983,34.9,93.0,3786.92718,20.59052,19.89851,21.30643,92.0,1.0,147.0,0.46833,752008.0,751861.0,0.00403,0.20788,0.03515,0.2301,0.00356,0.5816,0.52984,1.86656,1.48967,0.13047,0.20432,3.60329,1.83521,0.03918,0.03135,0.01767,67.325,79198.0,4089000.0,691429.0,4526020.0,70000.0,11440229.0,10422005.0,36715479.0,29302108.0,2566352.0,4019000.0,70877214.09,36098807.0,770627.0,616672.0,347503.0,0.00177,0.09122,0.01542,0.10097,0.00156,0.25521,0.65369,0.81907,0.2325,0.05725,0.08966,0.01719,0.80531,1.58117,0.01376,0.00775,93.0,3786.92718,92.0,1.0,147.0,0.46833,752008.0,751861.0,46.34869,2.52,33.54521,36.84505,20.18373,20.18373,79.3,34.80943,0.61845,20.46183,2103.62,39.0,18.873011500547644,6271.0,29.93,0.0,0.2511780449069003,0.667631922234392,0.2008163910186199,0.7889950711938664,0.5230142990142388,0.3064740909090909,100.81,16.90267,3.42007,0.5417369550930996,0.667631922234392,0.5518823329682366,1.5485156626506025,0.5230142990142388,0.5593313526834611,1653.0,349.0,4.616412891566266,7.429590005476451,11.670964403066812,5.014206763417305,2.757911363636364,9.74552,60.40662,18.660421686746982,12.163526834611172,10.124079956188387,10.046281489594744,9.191872946330776,1.0,3.2454314731653886,4.0267300711938665,8.051967415115007,0.8953155257393209,2.712819961664841,2.54,15.07160223,0.00995,0.11624,1.09782,1.26819,7.661896,2044.0,22895.0,225411.0,506888.0,480.0,131.55769,18.530454545454543,11.661473165388829,6.86606243154436,8.731889375684556,9.35828587075575
2005,100.0,89.02251,89.88867,85.14832,3473.5915,95.0,83.63522,80.87639,95.97504,5.0,3.8,3.2,3.1,2.3,2.8,2.9,3.3,3.1,3.0,156.0,0.49903,696073.0,0.13564,695917.0,8.27079,0.1,35.0,7.74851,7812.959474260679,12.9,-0.6,-1.3,35.0,33.9,0.5693,4.41122,2.6,50.39492,66.0,36329.0,2254.0,1787.0,4041.0,45.35963855421687,5.619441401971522,25.49950711938664,12.1,10.0,11.1,43.0,0.03,0.02,0.04,0.03,0.02,0.02,0.01,0.02,0.01,0.03,0.02,11.99648,14.0,11.7,12.9,0.662,0.447,5.555,20.501,97.0,2598.0,2088.0,4686.0,28.43461,2561.0,98.0,75.0,92.0,80.0,75.0,66.0,66.0,91.0,0.0,67.0,50.0,51.0,0.0,66.0,7.0,22.0,82.11015,2.22332,0.750104313,23.79,4.89,23.73,11.0,76.93244,2.72267,2.94582,1.72456,962.398556,3.37,1.534802384,1.534681161,962.474575,90.8,86.98899,2.48,80.0,77.0,95.0,67.204,60.2015,20.0,38.87,21.1,12.7,142.4,226.31715,295.77766,66.4,73.2,91.1,56.9,66.7,84.2,63.5,71.0,88.4,5.6,9.266528231,17.1,4.3,2.0,28.1,9.0,5.1,21.2,6.0,3.1,0.00212,0.21281,0.03334,0.23365,0.00343,0.55213,0.50916,2.00936,1.43354,0.11952,0.20938,3.69117,1.98166,0.03546,0.0277,0.01909,6.01,13.25336908,1.3,0.1,6.3,41985.0,4216000.0,660464.0,4628750.0,68000.0,10938046.0,10086816.0,39807017.0,28399605.0,2367791.0,4148000.0,73125070.7,39258250.0,702449.0,548766.0,378202.0,0.00088,0.08807,0.0138,0.09669,0.00142,0.22848,0.59323,0.83152,0.2107,0.04946,0.08665,0.01467,0.82006,1.52749,0.01146,0.0079,213.3,60.2,145.0,91.2,126.1,92.4,214.3,69.6,99.4,122.3,82.1,160.1,53.1,121.0,54.7,77.6,216.6,52.4,91.8,112.5,69.1,179.3,59.1,135.8,81.8,121.4,89.7,214.9,63.7,96.9,117.3,79.2,17.5,35.1,26.7,19.0,72.0,90.0,1.138,12.937,5.0,483.1,18.9,160.43662,4100000.0,18.55,0.119,0.0829,0.1442791244870041,95.87570515731876,8.89,0.251095865279299,0.6641142332968236,0.2001008269441402,0.7980147864184008,0.5224671029572837,0.3063077272727273,37.02298543,37.46639476451259,26.34699493975904,21.48746754654984,33.721585153340634,37.94493451807229,0.539989134720701,0.6641142332968236,0.5512730010952903,1.5344930120481928,0.5224671029572837,0.5568559419496166,14.3469672,8.721269864,759.12498,675.502,3.815768066,11.49013773,2.415004983,34.9,100.0,3473.5915,20.59052,19.89851,21.30643,95.0,5.0,156.0,0.49903,696073.0,695917.0,0.00212,0.21281,0.03334,0.23365,0.00343,0.55213,0.50916,2.00936,1.43354,0.11952,0.20938,3.69117,1.98166,0.03546,0.0277,0.01909,67.204,41985.0,4216000.0,660464.0,4628750.0,68000.0,10938046.0,10086816.0,39807017.0,28399605.0,2367791.0,4148000.0,73125070.7,39258250.0,702449.0,548766.0,378202.0,0.00088,0.08807,0.0138,0.09669,0.00142,0.22848,0.59323,0.83152,0.2107,0.04946,0.08665,0.01467,0.82006,1.52749,0.01146,0.0079,100.0,3473.5915,95.0,5.0,156.0,0.49903,696073.0,695917.0,46.34869,1.95,33.54521,36.85395,13.29418,13.29418,79.3,34.87567,0.61501,20.50441,2103.62,39.0,19.949965498357063,6271.0,29.93,0.0,0.251095865279299,0.6641142332968236,0.2001008269441402,0.7980147864184008,0.5224671029572837,0.3063077272727273,100.81,16.90267,3.42007,0.539989134720701,0.6641142332968236,0.5512730010952903,1.5344930120481928,0.5224671029572837,0.5568559419496166,1653.0,349.0,4.581841325301205,7.400299983570646,11.651926790799562,4.990849709748083,2.733455909090909,7.5921,61.43928,21.54873493975904,9.369419496166485,9.97776013143483,9.531155531215772,9.424381161007668,46.0,3.2317555805038336,3.982679786418401,8.031077754654984,0.8632434227820373,2.6836101150054765,3.88,14.52790724,0.00995,0.31883,1.09782,56.71893,7.7504814,2044.0,63263.0,225411.0,595014.0,603.4,136.69815,21.358636363636364,8.965580503833515,6.751812705366922,8.93433187294633,8.83514238773275
2006,103.0,89.64968,90.63616,85.23286,8609.87356,100.0,84.21339,81.56476,96.07224,3.0,2.9,2.4,2.3,1.7,2.1,2.2,2.5,2.3,2.3,135.0,0.50874,1743155.0,0.19211,1743020.0,8.27079,0.1,34.5,8.87335,8031.639649507119,12.0,-0.6,-1.3,34.6,33.6,0.66283,5.88148,2.4,55.75037,66.0,36329.0,2162.0,1711.0,3873.0,45.13975903614458,5.279627601314348,25.199671412924427,11.6,9.6,10.6,42.0,0.03,0.01,0.04,0.02,0.02,0.02,0.01,0.02,0.01,0.03,0.02,18.06806,13.4,11.2,12.4,0.658,0.4989644079397673,6.244,15.044,97.0,2495.0,2001.0,4496.0,28.43461,2555.0,98.0,75.0,92.0,80.0,75.0,66.0,66.0,91.0,0.0,67.0,50.0,51.0,0.0,66.0,7.0,20.3,82.11015,2.95001,0.750104313,23.93,5.78,23.73,13.0,125.63334,2.50126,2.71979,1.52281,987.124083,3.46,1.57422962,1.574109525,987.199395,90.8,87.37394,2.28,83.0,80.0,94.0,68.42,61.5755,20.0,0.13,21.1,12.7,50.9,348.41227,468.05314,66.4,73.2,91.1,56.9,66.7,84.2,63.5,71.0,88.4,4.6,11.10697826,14.2,3.6,1.8,25.3,8.0,4.6,18.5,5.2,2.8,0.00067,0.20601,0.03118,0.23313,0.00361,0.57031,0.57337,2.09932,1.50939,0.11298,0.2024,3.84657,2.06403,0.03185,0.03529,0.01961,5.2,14.0818219,1.3,0.1,1.6,13371.0,4109000.0,621998.0,4650009.0,72000.0,11375285.0,11436298.0,41872591.0,30106109.0,2253440.0,4037000.0,76723068.56,41168777.0,635369.0,703814.0,391076.0,0.00026,0.08101,0.01226,0.09168,0.00142,0.22427,0.59356,0.82555,0.22547,0.04443,0.07959,0.01253,0.81167,1.51265,0.01388,0.00771,213.3,60.2,145.0,91.2,126.1,92.4,214.3,69.6,99.4,122.3,82.1,160.1,53.1,121.0,54.7,77.6,216.6,52.4,91.8,112.5,69.1,179.3,59.1,135.8,81.8,121.4,89.7,214.9,63.7,96.9,117.3,79.2,17.5,35.1,26.7,18.82,72.0,95.0,1.084,12.123,5.0,503.4,18.9,293.11442,4100000.0,18.0,0.108,0.07332,0.11444,98.67902,13.93,0.2510139101861993,0.6606061555312157,0.1993872179627601,0.8070098576122673,0.5219214019715225,0.3061418181818182,37.02298543,37.43279317634173,26.687016626506026,21.07474169769989,33.51058676889376,37.88563301204819,0.5382460898138006,0.6606061555312157,0.5506653340635268,1.5205086746987952,0.5219214019715225,0.5543872946330778,14.3469672,8.721269864,1040.17835,684.544,3.815768066,11.49013773,2.415004983,35.3,103.0,8609.87356,20.59052,19.89851,21.30643,100.0,3.0,135.0,0.50874,1743155.0,1743020.0,0.00067,0.20601,0.03118,0.23313,0.00361,0.57031,0.57337,2.09932,1.50939,0.11298,0.2024,3.84657,2.06403,0.03185,0.03529,0.01961,68.42,13371.0,4109000.0,621998.0,4650009.0,72000.0,11375285.0,11436298.0,41872591.0,30106109.0,2253440.0,4037000.0,76723068.56,41168777.0,635369.0,703814.0,391076.0,0.00026,0.08101,0.01226,0.09168,0.00142,0.22427,0.59356,0.82555,0.22547,0.04443,0.07959,0.01253,0.81167,1.51265,0.01388,0.00771,103.0,8609.87356,100.0,3.0,135.0,0.50874,1743155.0,1743020.0,46.34869,2.4,33.54521,38.27066,1.41482,1.41482,79.3,35.44273,0.6118,23.52748,2103.62,39.0,21.02397699890471,6271.0,29.93,0.0,0.2510139101861993,0.6606061555312157,0.1993872179627601,0.8070098576122673,0.5219214019715225,0.3061418181818182,95.4,16.90267,3.42007,0.5382460898138006,0.6606061555312157,0.5506653340635268,1.5205086746987952,0.5219214019715225,0.5543872946330778,1653.0,349.0,4.547364216867471,7.371089989047097,11.632941193866374,4.967556473165389,2.709067272727273,10.57884,59.98998,24.429156626506025,6.582946330777656,9.83184008762322,9.017437020810515,9.656254107338444,45.65,3.2181170536692223,3.938749857612268,8.01024516976999,0.8312589485213582,2.6544800766703176,5.8,13.59948572,0.00995,0.51002,1.09782,54.20634,7.183066,2044.0,101922.0,225411.0,686481.0,752.2,92.64137,24.17909090909091,6.277053669222344,6.637875136911282,9.136221248630886,8.3134282584885
2007,48.0,90.33813,91.2413,86.29027,3550.21489,46.0,84.79101,82.25222,96.16947,2.0,3.0,2.4,2.3,1.7,2.2,2.2,2.6,2.3,2.3,139.0,0.23442,726942.0,0.13054,726803.0,8.27079,0.1,34.1,8.41757,8250.31982475356,11.0,-0.6,-1.3,34.2,33.4,0.64869,5.46039,2.2,33.67351,66.0,36329.0,2086.0,1656.0,3742.0,44.91987951807229,4.9398138006571735,24.899835706462213,11.2,9.3,10.3,41.0,0.03,0.01,0.04,0.02,0.01,0.02,0.01,0.02,0.01,0.03,0.02,20.58093,13.0,10.9,12.0,0.426,0.5509288158795346,6.826,15.552,97.0,2412.0,1937.0,4349.0,28.43461,2444.0,97.0,75.0,92.0,80.0,75.0,66.0,66.0,91.0,0.0,67.0,50.0,51.0,0.0,66.0,6.7,20.58320401643085,82.11015,6.51464,0.750104313,25.08,5.78,23.73,13.0,88.02244,2.27983,2.49376,1.32105,986.755926,3.64,1.573528727,1.573522446,986.759865,90.8,87.75911,2.24,87.0,85.0,96.0,69.791,63.5138,21.0,11.88,21.1,12.7,45.46914650844364,394.36775,368.8469,66.4,73.2,91.1,56.9,66.7,84.2,63.5,71.0,88.4,3.8,12.50723231,17.1,4.3,2.3,27.9,8.6,5.1,21.3,5.9,3.3,0.0031,0.19148,0.02477,0.23983,0.00498,0.55251,0.55355,1.86063,1.48465,0.11865,0.1865,3.56463,1.83652,0.02787,0.02411,0.0201,2.82,14.88607191,1.3,0.1,1.4833865814696487,62135.0,3844000.0,497345.0,4814602.0,100000.0,11091719.0,11112553.0,37352391.0,29804393.0,2381991.0,3744000.0,71560264.66,36868331.0,559480.0,484060.0,403528.0,0.00118,0.0732,0.00947,0.09168,0.0019,0.21121,0.56753,0.71126,0.2116,0.04536,0.07129,0.01065,0.70204,1.36264,0.00922,0.00768,213.3,60.2,145.0,91.2,126.1,92.4,214.3,69.6,99.4,122.3,82.1,160.1,53.1,121.0,54.7,77.6,216.6,52.4,91.8,112.5,69.1,179.3,59.1,135.8,81.8,121.4,89.7,214.9,63.7,96.9,117.3,79.2,17.5,35.1,26.7,18.78,72.0,96.0,1.026,11.566,5.0,516.4,17.7,372.56651,4100000.0,18.16,0.099,0.06756,0.125655,102.14841,8.96,0.2509319550930997,0.6570980777656079,0.19867360898138,0.8160049288061336,0.5213757009857612,0.3059759090909091,37.02298543,37.39919158817087,27.02703831325301,20.662015848849943,33.29958838444688,37.8263315060241,0.5365030449069004,0.6570980777656079,0.5500576670317634,1.5065243373493975,0.5213757009857612,0.5519186473165388,14.3469672,8.721269864,824.15837,718.888,3.815768066,11.49013773,2.415004983,35.1,48.0,3550.21489,20.59052,19.89851,21.30643,46.0,2.0,139.0,0.23442,726942.0,726803.0,0.0031,0.19148,0.02477,0.23983,0.00498,0.55251,0.55355,1.86063,1.48465,0.11865,0.1865,3.56463,1.83652,0.02787,0.02411,0.0201,69.791,62135.0,3844000.0,497345.0,4814602.0,100000.0,11091719.0,11112553.0,37352391.0,29804393.0,2381991.0,3744000.0,71560264.66,36868331.0,559480.0,484060.0,403528.0,0.00118,0.0732,0.00947,0.09168,0.0019,0.21121,0.56753,0.71126,0.2116,0.04536,0.07129,0.01065,0.70204,1.36264,0.00922,0.00768,48.0,3550.21489,46.0,2.0,139.0,0.23442,726942.0,726803.0,46.34869,2.77,33.54521,40.20306,1.09313,1.09313,79.3,39.62634,0.60837,27.46758,2103.62,39.0,22.09798849945236,6271.0,29.93,0.0,0.2509319550930997,0.6570980777656079,0.19867360898138,0.8160049288061336,0.5213757009857612,0.3059759090909091,100.86,9.12149,1.97077,0.5365030449069004,0.6570980777656079,0.5500576670317634,1.5065243373493975,0.5213757009857612,0.5519186473165388,896.0,203.0,4.512887108433735,7.3418799945235484,11.613955596933188,4.944263236582694,2.6846786363636364,13.29817,53.49866,27.309578313253013,3.7964731653888286,9.68592004381161,8.503718510405257,9.888127053669225,41.7,3.2044785268346114,3.894819928806134,7.989412584884995,0.7992744742606791,2.625350038335159,8.78,13.11154406,0.00995,0.8428,1.09782,49.69266,7.9320181,2044.0,169600.0,225411.0,725566.0,404.0,86.86176,26.99954545454545,3.588526834611171,6.523937568455641,9.338110624315442,7.79171412924425
2008,51.0,91.02495,91.84411,87.34962,5772.69166,50.0,85.36795,82.93879,96.26674,1.0,2.6,2.1,2.0,1.5,1.8,1.9,2.2,2.0,2.0,68.0,0.24667,1193504.0,0.08722,1193436.0,8.60566,0.1,33.8,8.49614,8469.0,10.4,-0.6,-1.3,33.8,33.3,0.62731,5.32972,2.1,35.51116,66.0,36329.0,2013.0,1597.0,3610.0,44.7,4.6,24.6,10.9,9.0,10.0,38.0,0.02,0.01,0.03,0.02,0.01,0.01,0.01,0.02,0.01,0.02,0.01,30.86896,12.6,10.5,11.6,0.516,0.6028932238193019,7.239,17.455,99.0,2332.0,1870.0,4202.0,28.43461,2305.0,99.0,75.0,92.0,80.0,75.0,66.0,66.0,91.0,0.0,67.0,50.0,51.0,0.0,66.0,6.4,20.866408032861703,82.11015,8.05338,0.750104313,25.49,5.78,23.73,13.0,164.05446,2.05841,2.26772,1.1193,986.263214,3.93,1.572742744,1.572736747,986.266975,90.8,88.14449,2.21,85.0,83.0,96.0,70.991,61.8466,21.0,43.83,21.1,12.7,40.03829301688727,317.71609,305.93686,66.4,73.2,91.1,56.9,66.7,84.2,63.5,71.0,88.4,8.2,13.36009144,16.1,3.4,1.5,23.8,7.4,4.6,19.0,4.8,2.6,0.00129,0.19714,0.03002,0.24482,0.00535,0.57733,0.57968,2.06676,1.56498,0.14012,0.1918,3.8602,2.03229,0.03131,0.03447,0.02304,7.28,15.86014815,1.3,0.1,1.3667731629392972,26010.0,3982000.0,606313.0,4945048.0,108000.0,11661047.0,11708561.0,41745209.0,31610065.0,2830127.0,3874000.0,77969596.75,41048967.0,632323.0,696242.0,465282.0,0.00046,0.0702,0.01069,0.08717,0.0019,0.20557,0.55724,0.73591,0.20641,0.04989,0.06829,0.01115,0.72364,1.3745,0.01227,0.0082,213.3,60.2,145.0,91.2,126.1,92.4,214.3,69.6,99.4,122.3,82.1,160.1,53.1,121.0,54.7,77.6,216.6,52.4,91.8,112.5,69.1,179.3,59.1,135.8,81.8,121.4,89.7,214.9,63.7,96.9,117.3,79.2,17.5,35.1,26.7,18.66,72.0,98.0,1.024,12.409,5.0,550.4,17.1,443.00631,4100000.0,18.05,0.092,0.0671,0.13687,105.6178,11.79,0.25085,0.65359,0.19796,0.825,0.52083,0.30581,37.02298543,37.36559,27.36706,20.24929,33.08859,37.76703,0.53476,0.65359,0.54945,1.49254,0.52083,0.54945,14.3469672,8.721269864,966.09342,691.405,3.815768066,11.49013773,2.415004983,35.6,51.0,5772.69166,20.59052,19.89851,21.30643,50.0,1.0,68.0,0.24667,1193504.0,1193436.0,0.00129,0.19714,0.03002,0.24482,0.00535,0.57733,0.57968,2.06676,1.56498,0.14012,0.1918,3.8602,2.03229,0.03131,0.03447,0.02304,70.991,26010.0,3982000.0,606313.0,4945048.0,108000.0,11661047.0,11708561.0,41745209.0,31610065.0,2830127.0,3874000.0,77969596.75,41048967.0,632323.0,696242.0,465282.0,0.00046,0.0702,0.01069,0.08717,0.0019,0.20557,0.55724,0.73591,0.20641,0.04989,0.06829,0.01115,0.72364,1.3745,0.01227,0.0082,51.0,5772.69166,50.0,1.0,68.0,0.24667,1193504.0,1193436.0,46.34869,5.72,33.54521,41.11258,131.68888,131.68888,79.3,40.22353,0.60549,29.37754,2103.62,39.0,23.172,6271.0,29.93,0.0,0.25085,0.65359,0.19796,0.825,0.52083,0.30581,100.05,6.03062,1.6161,0.53476,0.65359,0.54945,1.49254,0.52083,0.54945,595.0,168.0,4.47841,7.31267,11.59497,4.92097,2.66029,10.71754,58.4973,30.19,1.01,9.54,7.99,10.12,684.4,3.19084,3.85089,7.96858,0.76729,2.59622,12.0,13.00641065,0.00995,1.12683,1.09782,802.41927,7.2685333,2044.0,228316.0,225411.0,834187.9976,477.6,153.33661,29.82,0.9,6.41,9.54,7.27
2009,124.0,91.71001,92.44459,88.41089,4018.72487,104.0,85.94447,83.62446,96.36406,20.0,2.3,1.8,1.8,1.3,1.6,1.7,2.0,1.8,1.7,130.0,0.59353,839592.0,0.0745,839462.0,9.11016,0.1,33.6,8.83166,8529.082079343365,9.7,-0.6,-1.3,33.6,33.3,0.59939,5.2936,2.0,86.84867,66.0,30692.0,1927.0,1519.0,3446.0,44.49967159277504,4.339573070607553,24.379638752052543,10.5,8.6,9.6,38.0,0.02,0.01,0.03,0.02,0.01,0.01,0.01,0.02,0.01,0.02,0.01,16.12018,12.2,10.1,11.2,0.562,0.655,7.391,18.234,99.0,2234.0,1783.0,4017.0,13.02061,2208.0,99.0,100.0,100.0,57.0,100.0,50.0,67.0,90.0,8.0,71.0,10.0,55.0,0.0,80.0,6.2,21.15038795070744,82.39038,10.6425,0.686081783,23.15,5.33,25.35,12.0,162.8004,1.83697,2.04169,0.91754,993.028604,4.36,1.583839707,1.583525122,993.22588,90.8,88.53009,2.21,88.0,86.0,97.0,71.958,59.2541,22.0,7.24,21.1,12.7,34.5925604746691,394.82946,535.38809,66.9,73.3,90.7,56.3,65.8,83.4,63.7,70.8,87.8,7.5,15.04543275,12.6,2.7,1.1,24.5,6.9,4.1,16.8,4.1,2.1,0.00032,0.26842,0.04815,0.2424,0.03741,0.58057,0.54691,3.00654,1.5154,0.12073,0.23101,4.83884,2.96926,0.04847,0.03729,0.02479,7.68,17.27535739,1.3,0.1,1.2498402555910544,6449.0,5453000.0,978165.0,4924399.0,760000.0,11794373.0,11110557.0,61077983.0,30785473.0,2452629.0,4693000.0,98301070.2,60320516.0,984614.0,757467.0,503515.0,0.0001,0.08868,0.01591,0.08008,0.01236,0.1918,0.50063,0.99324,0.18068,0.03988,0.07632,0.01601,0.98093,1.59856,0.01232,0.00819,213.3,60.2,145.0,91.2,126.1,92.4,214.3,69.6,99.4,122.3,82.1,160.1,53.1,121.0,54.7,77.6,216.6,52.4,91.8,112.5,69.1,179.3,59.1,135.8,81.8,121.4,89.7,214.9,63.7,96.9,117.3,79.2,16.0,36.4,26.5,17.81,72.0,98.0,1.008,14.673,5.0,565.7,16.8,492.33581,4260000.0,18.42,0.087,0.07319,0.1248280656934306,107.13073246350363,7.9,0.2409718062397373,0.6478626108374385,0.1970244663382594,0.8125796387520525,0.5202891133004927,0.30589013136289,37.02298543,37.03956353037766,25.836791362889983,18.36473857142857,32.47218950738917,37.83291600985221,0.5341890640394089,0.6478626108374385,0.5459362397372742,1.49254,0.5202891133004927,0.548254039408867,14.3469672,8.721269864,983.39931,665.203,3.815768066,11.49013773,2.415004983,35.6,124.0,4018.72487,20.59052,19.89851,21.30643,104.0,20.0,130.0,0.59353,839592.0,839462.0,0.00032,0.26842,0.04815,0.2424,0.03741,0.58057,0.54691,3.00654,1.5154,0.12073,0.23101,4.83884,2.96926,0.04847,0.03729,0.02479,71.958,6449.0,5453000.0,978165.0,4924399.0,760000.0,11794373.0,11110557.0,61077983.0,30785473.0,2452629.0,4693000.0,98301070.2,60320516.0,984614.0,757467.0,503515.0,0.0001,0.08868,0.01591,0.08008,0.01236,0.1918,0.50063,0.99324,0.18068,0.03988,0.07632,0.01601,0.98093,1.59856,0.01232,0.00819,124.0,4018.72487,104.0,20.0,130.0,0.59353,839592.0,839462.0,46.34869,4.33,33.71548113300492,41.47287,2.81629,2.81629,79.27395730706075,40.22353,0.60091,29.37754,2108.668275862069,39.0,21.5715763546798,6254.633169129721,35.61532019704433,0.0,0.2409718062397373,0.6478626108374385,0.1970244663382594,0.8125796387520525,0.5202891133004927,0.30589013136289,100.95,5.51991,1.76377,0.5341890640394089,0.6478626108374385,0.5459362397372742,1.49254,0.5202891133004927,0.548254039408867,547.0,185.0,4.47091,7.30864,11.52749,4.9235,2.68653,7.83026,59.35267,28.81374384236453,1.0400492610837435,10.435467980295568,8.246420361247948,10.107980295566502,616.96,3.67171,5.6632,10.7572,1.20203,3.62161,15.0,13.15837446,0.00995,1.75993,1.09782,701.21359,7.8921622,2044.0,359000.0,225411.0,949917.0,955.912,96.53768,28.42371100164204,0.8719540229885058,6.430032840722496,9.493924466338258,7.520410509031199
2010,128.0,92.3934,93.04275,89.4741,5430.24725,120.0,86.52045,84.30923,96.46142,8.0,2.2,1.8,1.7,1.3,1.6,1.6,1.9,1.7,1.7,102.0,0.62668,1109128.0,0.05605,1109026.0,8.39403,-0.2,33.5,7.44933,8589.0,8.9,-0.6,-1.3,33.5,33.4,0.65441,4.87494,1.8,65.47747,66.0,46690.0,1818.0,1431.0,3249.0,44.29989053092502,4.079857690202518,24.15987958401752,10.0,8.2,9.1,37.0,0.02,0.01,0.03,0.02,0.01,0.01,0.01,0.02,0.01,0.02,0.01,20.73224,11.6,9.6,10.6,0.596,0.665,7.645,18.325,99.0,2112.0,1682.0,3794.0,18.5713,2141.0,99.0,100.0,100.0,86.0,100.0,80.0,87.0,88.0,23.0,83.0,63.0,50.0,14.0,71.0,6.0,21.43359196713829,81.31680499999999,10.58754,0.8598586305,28.42,5.78,24.335,13.0,155.03035,1.61553,1.81566,0.71579,997.199357,4.87,1.592104476,1.59017598,998.408717,90.8,88.9159,2.18,87.0,85.0,98.0,82.049,60.6962,23.0,232.7,21.1,12.7,29.161706983112737,400.61156,551.85804,66.25,73.1,90.9,56.4,66.3,85.2,63.150000000000006,70.8,88.65,9.7,15.79703808,14.0,2.8,1.2,23.5,6.1,3.5,17.3,3.9,1.9,0.00021,0.29474,0.05,0.23476,0.0471,0.56473,0.56817,3.14986,1.52121,0.127,0.24764,5.01602,3.11524,0.0502,0.03462,0.02655,8.43,18.0079693,1.3,0.1,1.1332268370607028,4258.0,6020000.0,1021140.0,4794810.0,962000.0,11534406.0,11604594.0,64334528.0,31070020.0,2593943.0,5058000.0,102449945.8,63627351.0,1025398.0,707178.0,542266.0,6e-05,0.08969,0.01521,0.07144,0.01433,0.17186,0.46293,0.95855,0.1729,0.03865,0.07536,0.01528,0.94801,1.52644,0.01054,0.00808,213.3,60.2,145.0,91.2,126.1,92.4,214.3,69.6,99.4,122.3,82.1,160.1,53.1,121.0,54.7,77.6,216.6,52.4,91.8,112.5,69.1,179.3,59.1,135.8,81.8,121.4,89.7,214.9,63.7,96.9,117.3,79.2,17.0,36.3,27.0,16.83,72.0,98.0,1.133,16.068,5.0,579.8,17.7,587.60827,4321000.0,19.44,0.095,0.07344,0.1128190328467153,108.63953123175185,7.96,0.2311206020799124,0.6421508702791462,0.1960914887794198,0.8001932129173508,0.5197497044334976,0.30597004378763,36.68091676,36.71442784345922,24.310703787629997,16.48533619047619,31.85747316912972,37.89862200328407,0.5336196880131363,0.6421508702791462,0.5424320799124247,1.49254,0.5197497044334976,0.5470613464696223,13.14453097,8.545309303,1180.99409,642.226,3.627583327,11.91061234,2.431124621,35.1,128.0,5430.24725,21.62569,20.86881,22.3986,120.0,8.0,102.0,0.62668,1109128.0,1109026.0,0.00021,0.29474,0.05,0.23476,0.0471,0.56473,0.56817,3.14986,1.52121,0.127,0.24764,5.01602,3.11524,0.0502,0.03462,0.02655,82.049,4258.0,6020000.0,1021140.0,4794810.0,962000.0,11534406.0,11604594.0,64334528.0,31070020.0,2593943.0,5058000.0,102449945.8,63627351.0,1025398.0,707178.0,542266.0,6e-05,0.08969,0.01521,0.07144,0.01433,0.17186,0.46293,0.95855,0.1729,0.03865,0.07536,0.01528,0.94801,1.52644,0.01054,0.00808,128.0,5430.24725,120.0,8.0,102.0,0.62668,1109128.0,1109026.0,47.5772,3.75,33.88528704433497,41.99238,6.43853,6.43853,79.24798576902025,40.41229,0.59781,29.88344,2113.7027586206896,39.0,19.975525451559932,6238.311056376574,41.28510673234811,0.0,0.2311206020799124,0.6421508702791462,0.1960914887794198,0.8001932129173508,0.5197497044334976,0.30597004378763,97.59,5.07416,1.61622,0.5336196880131363,0.6421508702791462,0.5424320799124247,1.49254,0.5197497044334976,0.5470613464696223,505.0,171.0,4.41887,7.25935,11.53213,5.34551,3.26621,13.32503,59.39543,27.441247947454844,1.070016420361248,11.328489326765188,8.502140120415982,10.0959934318555,354.9,3.54514,5.592,10.76185,1.62173,3.92564,18.29,12.21533948,0.00995,1.72409,1.09782,395.18826,8.7668651,2044.0,354000.0,225411.0,1066700.0,941.117,65.68093,27.031237000547343,0.843984674329502,6.450010946907499,9.447974822112752,7.770136836343733
2011,126.0,93.07455,93.63857,90.53922,2786.43187,97.0,87.09783,84.9931,96.55881,29.0,1.9,1.5,1.5,1.1,1.3,1.4,1.7,1.5,1.4,221.0,0.6121,573587.0,0.05998,573366.0,9.41995,0.0,33.5,7.66652,8699.0,8.8,-0.6,-1.3,33.5,33.5,0.51529,3.95046,1.8,50.40456,66.0,34081.0,1702.0,1330.0,3032.0,44.10010946907499,3.820142309797482,23.940120415982484,9.4,7.7,8.6,37.0,0.02,0.01,0.03,0.02,0.01,0.01,0.01,0.02,0.01,0.02,0.01,18.18988,10.9,9.0,10.0,0.619,0.652,7.983,18.401,99.0,1979.0,1566.0,3545.0,16.07285,2059.0,99.0,100.0,100.0,86.0,85.0,80.0,80.0,65.0,23.0,77.0,63.0,53.0,15.0,41.0,5.8,21.716795983569146,80.24323,11.37578,1.033635478,29.06,5.78,23.32,13.0,126.65355,1.39389,1.58962,0.51404,996.267961,5.02,1.590906572,1.588690737,997.657511,90.8,89.30192,1.87,90.0,88.0,98.0,83.553,59.8764,24.0,2.37,21.1,12.7,23.73085349155637,363.36372,452.98039,65.6,72.9,91.1,56.5,66.8,87.0,62.6,70.8,89.5,0.4,16.48941624,15.0,3.1,1.4,24.6,6.4,3.7,18.5,4.2,2.2,0.00297,0.26019,0.03693,0.22609,0.0551,0.64389,0.66011,3.0636,1.67578,0.1183,0.20509,5.03947,3.0322,0.0399,0.0314,0.02739,2.74,18.32373417,1.3,0.1,1.0166134185303517,61005.0,5341000.0,757996.0,4641051.0,1131000.0,13217236.0,13550317.0,62887227.0,34399216.0,2428343.0,4210000.0,103446444.5,62242610.0,819001.0,644617.0,562269.0,0.00088,0.07696,0.01092,0.06688,0.0163,0.19046,0.4957,0.90621,0.19526,0.03499,0.06067,0.0118,0.89692,1.49067,0.00929,0.0081,213.3,60.2,145.0,91.2,126.1,92.4,214.3,69.6,99.4,122.3,82.1,160.1,53.1,121.0,54.7,77.6,216.6,52.4,91.8,112.5,69.1,179.3,59.1,135.8,81.8,121.4,89.7,214.9,63.7,96.9,117.3,79.2,18.0,36.2,27.5,16.65,72.0,98.0,1.011,13.741,10.72,589.1,17.8,501.84682,4310000.0,17.96,0.083,0.06074,0.10081,110.14833,9.84,0.2212693979200875,0.6364391297208538,0.1951585112205801,0.7878067870826492,0.5192102955665024,0.30604995621237,46.88712835,36.389292156540776,22.784616212370004,14.605933809523808,31.24275683087028,37.96432799671593,0.5330503119868637,0.6364391297208538,0.5389279200875753,1.49254,0.5192102955665024,0.5458686535303776,13.66602919,8.240904339,1286.30547,592.102,5.575057879,23.24639558,1.875649991,36.1,126.0,2786.43187,21.84176,21.08924,22.56905,97.0,29.0,221.0,0.6121,573587.0,573366.0,0.00297,0.26019,0.03693,0.22609,0.0551,0.64389,0.66011,3.0636,1.67578,0.1183,0.20509,5.03947,3.0322,0.0399,0.0314,0.02739,83.553,61005.0,5341000.0,757996.0,4641051.0,1131000.0,13217236.0,13550317.0,62887227.0,34399216.0,2428343.0,4210000.0,103446444.5,62242610.0,819001.0,644617.0,562269.0,0.00088,0.07696,0.01092,0.06688,0.0163,0.19046,0.4957,0.90621,0.19526,0.03499,0.06067,0.0118,0.89692,1.49067,0.00929,0.0081,126.0,2786.43187,97.0,29.0,221.0,0.6121,573587.0,573366.0,49.97138,7.2,34.055092955665025,43.6935,5.31864,5.31864,79.22201423097975,43.89628,0.59539,30.4372,2118.7372413793105,51.0,18.379474548440065,6221.988943623426,46.95489326765189,1.0,0.2212693979200875,0.6364391297208538,0.1951585112205801,0.7878067870826492,0.5192102955665024,0.30604995621237,93.53,4.73251,1.36853,0.5330503119868637,0.6364391297208538,0.5389279200875753,1.49254,0.5192102955665024,0.5458686535303776,473.0,146.0,4.35514,7.25706,11.51681,5.26471,3.16184,11.93142,60.61459,26.06875205254516,1.099983579638752,12.22151067323481,8.757859879584018,10.0840065681445,0.0,3.54433,5.58884,10.73511,1.61305,3.91276,21.9,12.02350887,0.297454105839416,2.0537,1.40048026459854,0.0,8.641518,62167.75912408759,424357.0,290063.9562043796,1153310.0,932.551,103.78367,25.638762999452656,0.8160153256704981,6.469989053092501,9.402025177887246,8.019863163656266
2012,125.0,93.7537,94.23207,91.60628,13010.12609,91.0,87.67644,85.67607,96.65625,34.0,1.7,1.3,1.3,0.9,1.2,1.2,1.5,1.3,1.2,70.0,0.6016,2703244.0,0.04492,2703174.0,10.82396,0.6,33.6,8.00661,8809.0,8.8,-0.6,-1.3,33.6,33.6,0.71701,5.74084,1.8,49.58599,65.0,50804.0,1576.0,1235.0,2811.0,43.90032840722496,3.560426929392446,23.72036124794745,8.8,7.2,8.0,36.0,0.02,0.01,0.03,0.02,0.01,0.01,0.01,0.02,0.01,0.02,0.01,23.40707,10.2,8.4,9.3,0.654,0.707,8.364,19.132,99.0,1835.0,1455.0,3290.0,19.84019,1946.0,99.0,75.0,100.0,86.0,80.0,80.0,87.0,80.0,15.0,76.0,90.0,61.0,15.0,81.0,5.6,22.0,83.23042295485637,10.74634,1.012495917,24.8,5.78,24.0,13.0,158.24721,1.17206,1.36359,0.31228,1001.178143,5.26,1.598742716,1.596520719,1002.571557,90.8,89.68816,1.93,93.0,91.0,99.0,88.225,57.3109,25.0,121.87,21.1,12.7,18.3,436.81813,831.42065,64.9,72.6,93.2,52.7,64.7,90.0,60.9,69.9,92.0,5.9,16.89283187,15.8,3.1,1.5,26.6,6.3,3.5,19.7,4.2,2.2,0.00794,0.30189,0.0568,0.24092,0.07792,0.56764,0.54398,3.3686,1.49115,0.10925,0.22397,5.22638,3.33582,0.06474,0.03279,0.02937,4.33,18.46992358,1.3,0.1,0.9,163776.0,6226000.0,1171414.0,4968590.0,1607000.0,11706664.0,11218792.0,69472635.0,30752762.0,2253076.0,4619000.0,107786587.1,68796473.0,1335191.0,676161.0,605640.0,0.00225,0.08548,0.01608,0.06821,0.02206,0.16072,0.42221,0.95379,0.15402,0.03093,0.06341,0.01833,0.94451,1.47981,0.00928,0.00831,205.1,70.6,151.6,96.7,139.9,95.3,250.9,75.1,106.5,124.8,92.8,172.6,56.6,133.6,62.5,71.9,216.6,57.4,101.5,124.0,67.6,183.7,68.0,145.1,87.3,139.2,91.5,242.1,69.4,104.8,124.4,87.7,18.9,38.1,28.8,16.26,72.0,98.47934336525309,0.995,16.88,25.0,600.5,18.0,561.29229,4908000.0,16.97,0.08,0.07109,0.09989,98.94889,7.91,0.2114181937602627,0.6307273891625615,0.1942255336617405,0.7754203612479474,0.5186708866995073,0.30612986863711,32.15531779,36.06415646962233,21.25852863711001,12.726531428571429,30.62804049261084,38.030033990147786,0.5324809359605911,0.6307273891625615,0.5354237602627258,1.49254,0.5186708866995073,0.544675960591133,14.13874207,8.158253763,1268.93089,583.396,4.234214499,14.29746781,1.990112208,36.0,125.0,13010.12609,20.06033,19.47407,20.65571,91.0,34.0,70.0,0.6016,2703244.0,2703174.0,0.00794,0.30189,0.0568,0.24092,0.07792,0.56764,0.54398,3.3686,1.49115,0.10925,0.22397,5.22638,3.33582,0.06474,0.03279,0.02937,88.225,163776.0,6226000.0,1171414.0,4968590.0,1607000.0,11706664.0,11218792.0,69472635.0,30752762.0,2253076.0,4619000.0,107786587.1,68796473.0,1335191.0,676161.0,605640.0,0.00225,0.08548,0.01608,0.06821,0.02206,0.16072,0.42221,0.95379,0.15402,0.03093,0.06341,0.01833,0.94451,1.47981,0.00928,0.00831,125.0,13010.12609,91.0,34.0,70.0,0.6016,2703244.0,2703174.0,49.97138,5.09,34.22489886699508,43.6935,10.18958,10.18958,79.19604269293924,43.89628,0.59092,30.4372,2123.771724137931,69.0,16.783423645320198,6205.666830870279,52.62467980295567,1.0,0.2114181937602627,0.6307273891625615,0.1942255336617405,0.7754203612479474,0.5186708866995073,0.30612986863711,90.44,4.26444,1.16257,0.5324809359605911,0.6307273891625615,0.5354237602627258,1.49254,0.5186708866995073,0.544675960591133,428.0,125.0,4.35215,7.25282,11.52326,5.27854,3.1788,24.26612,59.50562,24.696256157635467,1.1299507389162562,13.114532019704432,9.013579638752052,10.072019704433496,13.585,3.53565,5.58473,10.74232,1.62669,3.92426,25.8,11.45641148,0.5849582116788321,2.73036,1.7031405291970805,14.67079,8.8667356,122291.51824817518,567601.0,354716.9124087591,1187016.093,893.629,133.83509,24.246288998357965,0.7880459770114943,6.489967159277504,9.35607553366174,8.269589490968801
2013,72.0,94.4311,94.82323,92.67527,30.90606,65.0,88.25597,86.35815,96.75373,7.0,1.3,1.0,1.0,0.7,0.9,0.9,1.1,1.0,0.9,51.0,0.34335,6481.0,0.04486,6430.0,10.95026,0.2,33.8,8.18428,9563.530779753764,8.7,-0.6,-1.3,33.8,33.8,0.77261,6.32323,1.8,35.86819,65.0,33253.0,1460.0,1145.0,2605.0,43.7,3.3,23.5,8.2,6.7,7.5,36.0,0.02,0.01,0.03,0.02,0.01,0.01,0.01,0.01,0.01,0.02,0.01,35.51905,9.6,7.9,8.7,0.65,0.719,8.624,19.606,99.0,1702.0,1349.0,3051.0,30.54855,1822.0,99.0,75.0,100.0,71.0,80.0,60.0,87.0,80.0,23.0,83.0,100.0,61.0,15.0,86.0,5.2,21.0,86.2258,9.78199,0.970108941,25.92,5.78,23.74,13.0,154.98872,0.95006,1.13756,0.11053,1013.639332,5.42,1.618614133,1.616391855,1015.032923,90.79,90.07462,1.94,94.0,93.0,100.0,89.681,52.8859,26.0,0.46,19.8,11.1,16.8,416.11362,423.88107,65.2,72.3,91.8,54.4,64.5,85.6,61.6,69.6,89.4,2.9,17.20424873,16.3,2.9,1.3,26.3,7.3,4.7,20.1,4.5,2.5,0.00782,0.32212,0.05862,0.23987,0.09515,0.57342,0.55283,3.46306,1.50392,0.10772,0.22696,5.35554,3.42954,0.06644,0.03353,0.03008,4.41,18.63054053,1.4,0.1,1.0,161952.0,6672333.0,1214267.0,4968590.0,1971000.0,11877793.0,11451383.0,71734044.0,31152269.0,2231338.0,4701333.0,110934865.0,71039540.0,1376219.0,694504.0,623165.0,0.00212,0.08724,0.01588,0.06496,0.02577,0.15529,0.40729,0.93787,0.14972,0.02917,0.06147,0.01799,0.92879,1.4504,0.00908,0.00815,266.2,85.0,179.1,105.6,186.2,106.7,291.3,83.3,121.9,150.1,101.4,221.5,59.2,155.6,65.3,77.1,320.0,61.4,119.8,135.0,81.8,235.7,81.2,170.7,94.6,180.1,100.7,299.2,75.8,121.2,142.2,97.3,17.4,35.2,26.6,16.26,83.0,98.96,2.956,19.49,35.0,626.9,18.0,598.63018,5185000.0,16.26,0.226,0.07816,0.10871,105.988,10.19,0.20154,0.625,0.19329,0.763,0.51813,0.30621,29.99426817,35.73813,19.72826,10.84198,30.01164,38.09592,0.53191,0.625,0.53191,1.49254,0.51813,0.54348,11.4332098,7.882139617,1153.039,577.414,3.240770297,9.041743352,1.869536945,39.0,72.0,30.90606,19.32533,18.68592,19.89015,65.0,7.0,51.0,0.34335,6481.0,6430.0,0.00782,0.32212,0.05862,0.23987,0.09515,0.57342,0.55283,3.46306,1.50392,0.10772,0.22696,5.35554,3.42954,0.06644,0.03353,0.03008,89.681,161952.0,6672333.0,1214267.0,4968590.0,1971000.0,11877793.0,11451383.0,71734044.0,31152269.0,2231338.0,4701333.0,110934865.0,71039540.0,1376219.0,694504.0,623165.0,0.00212,0.08724,0.01588,0.06496,0.02577,0.15529,0.40729,0.93787,0.14972,0.02917,0.06147,0.01799,0.92879,1.4504,0.00908,0.00815,72.0,30.90606,65.0,7.0,51.0,0.34335,6481.0,6430.0,49.97138,0.91,34.39517,43.6935,31.23016,31.23016,79.17,43.89628,0.58798,30.4372,2128.82,85.0,15.183,6189.3,58.31,1.0,0.20154,0.625,0.19329,0.763,0.51813,0.30621,112.6,3.73102,1.0249,0.53191,0.625,0.53191,1.49254,0.51813,0.54348,376.0,111.0,4.34095,7.25465,11.45359,5.23279,3.13949,17.37572,59.20692,23.32,1.16,14.01,9.27,10.06,0.0,3.51752,5.57864,10.66603,1.5319,3.83628,12.1,13.33983121,0.87325,2.99367,2.00663,0.0,8.6840907,182580.0,625917.0,419547.0,1460794.357,679.656,147.46608,22.85,0.76,6.51,9.31,8.52
2014,244.0,95.10703,95.41207,93.74618,34.62246,127.0,88.83598,87.03932,96.85125,117.0,0.9,0.7,0.7,0.5,0.6,0.6,0.8,0.7,0.7,70.0,1.15078,7341.0,0.04517,7271.0,17.72876,0.0,33.9,7.4268,10316.0,8.3,0.3,0.1,33.9,34.1,0.76019,5.64577,1.7,49.76638,65.0,57572.0,1356.0,1072.0,2428.0,43.6,3.1,23.3,7.7,6.3,7.0,36.0,0.02,0.01,0.03,0.02,0.01,0.01,0.0,0.01,0.01,0.02,0.01,21.54273,9.0,7.4,8.2,0.686,0.735,8.925,19.477,99.0,1582.0,1264.0,2846.0,17.18434,1705.0,99.0,100.0,100.0,86.0,95.0,60.0,80.0,66.0,46.0,94.0,100.0,62.0,54.0,86.0,5.0,21.0,85.04174,7.01272,0.832000666,28.37,5.78,25.64,13.0,130.03847,0.74462,0.91153,0.0,1027.936506,5.62,1.641211864,1.639190729,1029.20396,90.79,90.46129,1.91,98.0,97.0,99.0,92.713,50.9151,27.0,62.38,21.7,10.5,17.6,316.7185,997.66398,65.7,72.4,92.4,55.0,64.8,87.2,62.1,69.7,90.3,3.0,17.20424873,16.8,2.8,1.1,28.4,6.7,3.9,21.1,4.2,2.1,0.00771,0.33066,0.06044,0.23903,0.10066,0.57932,0.56177,3.55773,1.51717,0.10624,0.23,5.47371,3.52346,0.06816,0.03427,0.0308,3.92,18.63054053,1.3,0.1,0.8,160452.0,6877148.0,1257120.0,4971564.0,2093482.0,12048921.0,11683975.0,73995454.0,31554749.0,2209600.0,4783666.0,113844923.8,73282607.0,1417572.0,712848.0,640689.0,0.00201,0.08607,0.01573,0.06222,0.0262,0.15079,0.39491,0.92606,0.14623,0.02765,0.05987,0.01774,0.91713,1.42477,0.00892,0.00802,316.6,94.0,191.4,124.6,193.2,127.4,328.4,94.5,138.5,165.6,118.7,236.2,60.8,173.9,68.4,83.9,274.8,66.5,127.6,150.1,92.8,263.2,87.5,184.6,109.1,187.5,118.8,313.0,85.4,134.8,157.7,113.0,18.1,35.4,27.1,16.04,85.0,99.0,1.617,20.899,36.0,642.5,17.9,573.20069,5550000.0,16.38,0.12,0.08022,0.10871,105.988,9.38,0.25,0.61728,0.145,0.762,0.51813,0.30621,27.25750715,40.89253,26.07239,11.81376,33.66337,44.28504,0.53191,0.61728,0.53191,1.493,0.51813,0.54348,11.44947153,7.818252805,1167.95651,555.721,2.633811016,6.190633424,1.924866549,38.8,244.0,34.62246,16.53594,16.33375,16.76904,127.0,117.0,70.0,1.15078,7341.0,7271.0,0.00771,0.33066,0.06044,0.23903,0.10066,0.57932,0.56177,3.55773,1.51717,0.10624,0.23,5.47371,3.52346,0.06816,0.03427,0.0308,92.713,160452.0,6877148.0,1257120.0,4971564.0,2093482.0,12048921.0,11683975.0,73995454.0,31554749.0,2209600.0,4783666.0,113844923.8,73282607.0,1417572.0,712848.0,640689.0,0.00201,0.08607,0.01573,0.06222,0.0262,0.15079,0.39491,0.92606,0.14623,0.02765,0.05987,0.01774,0.91713,1.42477,0.00892,0.00802,244.0,34.62246,127.0,117.0,70.0,1.15078,7341.0,7271.0,49.97138,6.82,34.34411,43.6935,160.23283,160.23283,79.17,43.89628,0.58435,30.4372,2125.66,91.0,14.603,6189.3,58.34,1.0,0.25,0.61728,0.145,0.762,0.51813,0.30621,90.53,3.95324,1.19235,0.53191,0.61728,0.53191,1.493,0.51813,0.54348,400.0,130.0,4.35649,7.53145,11.45262,5.22087,3.11842,14.63607,62.70058,21.75,1.16,14.1,9.65,10.15,0.0,3.52839,5.91281,10.66556,1.52824,3.8378,16.4,14.11419906,2.05052,4.24422,2.05855,0.0,8.8128155,431044.0,892184.0,432732.0,1693151.175,897.049,151.71576,21.25,0.73,6.52,9.38,8.89
2015,433.0,95.78173,95.99858,94.81902,219.75844,281.0,89.41629,87.7196,96.94882,152.0,0.9,0.7,0.6,0.5,0.6,0.6,0.7,0.6,0.6,246.0,2.01921,47125.0,0.03219,46879.0,14.49976,0.7,34.1,7.78205,10790.0,7.8,0.4,-0.4,34.1,34.3,0.68659,5.34309,1.6,55.64907,64.0,187588.0,1273.0,1006.0,2279.0,43.4,2.9,23.1,7.3,6.0,6.7,36.0,0.02,0.01,0.02,0.01,0.01,0.01,0.0,0.01,0.01,0.01,0.01,51.13291,8.5,7.1,7.8,0.697,0.77,9.277,19.966,99.0,1485.0,1188.0,2673.0,48.17545,1601.0,99.0,100.0,56.0,57.0,95.0,80.0,80.0,97.0,62.0,94.0,100.0,45.0,62.0,58.0,4.7,21.0,85.47911,6.47663,0.832000666,27.58,5.78,23.17,13.0,155.77424,0.55947,0.68549,0.0,1031.851313,5.81,1.645922993,1.645433444,1032.158309,90.79,90.84818,1.81,98.0,97.0,100.0,96.851,49.3264,28.0,215.46,23.0,12.1,19.0,269.00259,502.34465,63.9,70.5,91.2,54.9,64.0,86.0,60.8,68.2,89.1,2.5,17.20424873,14.6,2.8,1.3,23.7,6.2,3.9,18.0,4.1,2.3,0.00761,0.33917,0.06227,0.23828,0.10614,0.58534,0.5708,3.65269,1.53074,0.1048,0.23302,5.59248,3.61766,0.06988,0.03502,0.03153,3.05,18.63054053,1.2,0.1,0.8,158953.0,7080750.0,1299972.0,4974538.0,2215964.0,12220050.0,11916566.0,76256864.0,31957230.0,2187862.0,4864786.0,116753769.7,75525674.0,1458925.0,731191.0,658214.0,0.00193,0.08578,0.01575,0.06026,0.02684,0.14804,0.38714,0.92379,0.14436,0.0265,0.05893,0.01767,0.91493,1.41438,0.00886,0.00797,308.5,88.1,201.1,136.2,199.3,132.5,321.0,99.7,151.5,174.7,125.4,238.1,78.3,183.7,79.4,89.8,310.0,71.7,138.8,157.0,111.9,262.9,86.3,194.5,119.2,197.6,123.6,318.2,89.8,146.9,165.3,122.3,16.8,32.2,24.7,16.13,88.0,99.72,0.704,22.285,48.0,665.9,19.3,481.36956,6200000.0,15.37,0.05,0.08258,0.10871,105.988,7.74,0.24772,0.60976,0.14416,0.762,0.51813,0.30621,28.55875648,49.91133,29.685,14.81425,38.94524,49.26825,0.5291,0.60976,0.5291,1.493,0.51813,0.54348,12.35564858,8.423429346,839.22057,544.313,2.498432606,5.586689724,1.992378443,37.1,433.0,219.75844,16.53594,16.33375,16.76904,281.0,152.0,246.0,2.01921,47125.0,46879.0,0.00761,0.33917,0.06227,0.23828,0.10614,0.58534,0.5708,3.65269,1.53074,0.1048,0.23302,5.59248,3.61766,0.06988,0.03502,0.03153,96.851,158953.0,7080750.0,1299972.0,4974538.0,2215964.0,12220050.0,11916566.0,76256864.0,31957230.0,2187862.0,4864786.0,116753769.7,75525674.0,1458925.0,731191.0,658214.0,0.00193,0.08578,0.01575,0.06026,0.02684,0.14804,0.38714,0.92379,0.14436,0.0265,0.05893,0.01767,0.91493,1.41438,0.00886,0.00797,433.0,219.75844,281.0,152.0,246.0,2.01921,47125.0,46879.0,49.97138,4.38,34.29305,43.6935,7.25013,7.25013,79.16,43.89628,0.58044,30.4372,2122.5,98.0,17.522,6189.3,58.49,1.0,0.24772,0.60976,0.14416,0.762,0.51813,0.30621,90.53,3.92786,0.79309,0.5291,0.60976,0.5291,1.493,0.51813,0.54348,399.0,87.0,4.28488,7.40451,11.26345,5.10457,3.02568,19.19707,65.08788,32.25,0.83,0.0,6.82,9.18,225.0,3.48413,5.7959,10.47804,1.61477,3.85305,34.11,13.80212812,2.04015,5.7767,2.74295,234.67287,8.1689616,431044.0,1220504.0,579531.0,1839561.852,1372.723,131.32399,31.77,0.65,0.0,8.73,6.31
2016,92.0,95.78173,95.99858,94.81902,6647.62806,76.0,89.41629,87.7196,96.94882,16.0,0.7,0.5,0.5,0.4,0.4,0.4,0.6,0.5,0.5,139.0,0.42455,1440541.0,0.05114,1440402.0,11.33089,-0.4,34.4,7.86973,11722.0,7.6,-0.1,0.4,34.4,34.5,0.57268,4.50682,1.6,75.43381,64.0,55489.0,1192.0,952.0,2144.0,43.2,2.7,22.9,6.9,5.7,6.4,36.0,0.01,0.01,0.02,0.01,0.01,0.01,0.0,0.01,0.0,0.01,0.01,27.3099,8.1,6.8,7.4,0.65,0.824,10.041,21.803,99.0,1393.0,1123.0,2516.0,20.80101,1505.0,99.0,100.0,56.0,57.0,95.0,80.0,80.0,97.0,62.0,94.0,100.0,45.0,62.0,58.0,4.5,21.0,82.78195,7.15864,0.832000666,25.97,5.78,22.52,13.0,179.66208,0.55947,0.68549,0.0,1026.066669,6.06,1.636498635,1.636209008,1026.248294,90.79,90.84818,1.76,100.0,99.0,100.0,101.879,51.4049,30.0,206.09,21.6,12.4,18.5,280.06723,123.1788,64.5,71.3,92.9,51.3,61.7,87.9,60.2,68.1,91.0,7.0,17.20424873,16.6,3.0,1.3,29.4,6.9,4.1,21.1,4.3,2.3,0.00761,0.33917,0.06227,0.23828,0.10614,0.58534,0.5708,3.65269,1.53074,0.1048,0.23302,5.59248,3.61766,0.06988,0.03502,0.03153,2.82,18.63054053,1.7,0.4,1.3,158953.0,7080750.0,1299972.0,4974538.0,2215964.0,12220050.0,11916566.0,76256864.0,31957230.0,2187862.0,4864786.0,116753769.7,75525674.0,1458925.0,731191.0,658214.0,0.00193,0.08578,0.01575,0.06026,0.02684,0.14804,0.38714,0.92379,0.14436,0.0265,0.05893,0.01767,0.91493,1.41438,0.00886,0.00797,302.2,111.1,216.9,148.3,208.2,146.3,347.7,111.4,161.4,187.6,139.1,254.5,67.4,197.7,90.1,114.3,309.1,81.2,151.0,175.0,116.0,270.3,100.6,210.1,134.0,203.3,139.7,337.7,101.3,157.9,181.2,134.1,17.1,31.1,24.2,16.17,86.0,99.0,0.847,20.606,80.0,686.3,18.3,528.72138,7000000.0,15.82,0.058,0.07392,0.10871,105.988,7.74,0.24312,0.60976,0.14415,0.76141,0.51813,0.30588,38.64159785,54.05336,39.45687,21.2159,43.15248,51.46037,0.5291,0.60976,0.5291,1.493,0.51813,0.54348,12.0058029,8.736387109,183.60742,533.929,3.420419762,10.86980056,1.769268767,37.1,92.0,6647.62806,16.53594,16.33375,16.76904,76.0,16.0,139.0,0.42455,1440541.0,1440402.0,0.00761,0.33917,0.06227,0.23828,0.10614,0.58534,0.5708,3.65269,1.53074,0.1048,0.23302,5.59248,3.61766,0.06988,0.03502,0.03153,101.879,158953.0,7080750.0,1299972.0,4974538.0,2215964.0,12220050.0,11916566.0,76256864.0,31957230.0,2187862.0,4864786.0,116753769.7,75525674.0,1458925.0,731191.0,658214.0,0.00193,0.08578,0.01575,0.06026,0.02684,0.14804,0.38714,0.92379,0.14436,0.0265,0.05893,0.01767,0.91493,1.41438,0.00886,0.00797,92.0,6647.62806,76.0,16.0,139.0,0.42455,1440541.0,1440402.0,49.97138,4.3,34.25805,43.6935,16.86779,16.86779,79.16,43.89628,0.57838,30.4372,2119.34,110.0,17.03,6186.4,58.64,1.0,0.24312,0.60976,0.14415,0.76141,0.51813,0.30588,90.53,4.03066,0.93366,0.5291,0.60976,0.5291,1.493,0.51813,0.54348,411.0,103.0,4.30467,7.53639,11.45524,5.13519,3.00098,21.68913,63.3658,32.25,0.74,0.0,6.39,8.92,81.94,3.01879,3.41145,7.88681,1.30291,2.9584,34.11,13.45151841,1.61496,7.27463,4.04645,83.42493,7.9223605,342836.0,1544313.0,859012.0,1932459.258,1610.544,99.72154,31.76,0.59,0.0,8.5,5.91
2017,116.0,95.78173,95.99858,94.81902,375.563,106.0,89.41629,87.7196,96.94882,10.0,0.7,0.5,0.5,0.4,0.4,0.4,0.6,0.5,0.5,164.0,0.53204,81884.0,0.05114,79696.0,11.33089,-0.1,34.6,7.86973,11722.0,7.6,0.3,0.0,34.6,34.6,0.57268,4.50682,1.6,75.43381,64.0,106353.0,1126.0,899.0,2025.0,43.2,2.7,22.9,6.6,5.5,6.1,36.0,0.01,0.01,0.02,0.01,0.0,0.0,0.0,0.01,0.0,0.01,0.01,27.3099,7.7,6.5,7.1,1.079,0.854,11.539,22.604,99.0,1317.0,1061.0,2378.0,20.80101,1416.0,99.0,100.0,56.0,57.0,95.0,80.0,80.0,97.0,62.0,94.0,100.0,45.0,62.0,58.0,4.3,21.0,82.78195,7.15864,0.832000666,25.97,5.33,22.52,12.0,179.66208,0.55947,0.68549,0.0,1026.066669,6.06,1.636498635,1.636209008,1026.248294,90.79,90.84818,1.76,100.0,100.0,100.0,102.987,51.4049,31.0,206.09,20.5,12.8,17.9,280.06723,123.1788,64.5,71.3,92.9,51.3,61.7,87.9,60.2,68.1,91.0,2.3,17.20424873,16.6,3.0,1.3,29.4,6.9,4.1,21.1,4.3,2.3,0.00761,0.33917,0.06227,0.23828,0.10614,0.58534,0.5708,3.65269,1.53074,0.1048,0.23302,5.59248,3.61766,0.06988,0.03502,0.03153,1.83,18.63054053,1.5,0.1,1.0,158953.0,7080750.0,1299972.0,4974538.0,2215964.0,12220050.0,11916566.0,76256864.0,31957230.0,2187862.0,4864786.0,116753769.7,75525674.0,1458925.0,731191.0,658214.0,0.00193,0.08578,0.01575,0.06026,0.02684,0.14804,0.38714,0.92379,0.14436,0.0265,0.05893,0.01767,0.91493,1.41438,0.00886,0.00797,302.2,111.1,216.9,148.3,208.2,146.3,347.7,111.4,161.4,187.6,139.1,254.5,67.4,197.7,90.1,114.3,309.1,81.2,151.0,175.0,116.0,270.3,100.6,210.1,134.0,203.3,139.7,337.7,101.3,157.9,181.2,134.1,17.1,31.1,24.2,16.1,89.0,99.0,0.847,20.606,80.0,696.0,18.3,528.72138,7230000.0,16.36,0.058,0.07392,0.10871,105.988,7.74,0.23914,0.60976,0.14411,0.76141,0.51813,0.30368,46.80521258,54.05336,39.45687,21.2159,43.15248,51.46037,0.529,0.61,0.529,1.493,0.518,0.543,12.98931898,9.022792446,183.60742,514.792,4.699183034,16.11668644,1.442233825,37.1,116.0,375.563,16.53594,16.33375,16.76904,106.0,10.0,164.0,0.53204,81884.0,79696.0,0.00761,0.33917,0.06227,0.23828,0.10614,0.58534,0.5708,3.65269,1.53074,0.1048,0.23302,5.59248,3.61766,0.06988,0.03502,0.03153,102.987,158953.0,7080750.0,1299972.0,4974538.0,2215964.0,12220050.0,11916566.0,76256864.0,31957230.0,2187862.0,4864786.0,116753769.7,75525674.0,1458925.0,731191.0,658214.0,0.00193,0.08578,0.01575,0.06026,0.02684,0.14804,0.38714,0.92379,0.14436,0.0265,0.05893,0.01767,0.91493,1.41438,0.00886,0.00797,116.0,375.563,106.0,10.0,164.0,0.53204,81884.0,79696.0,49.97138,1.91,34.20697,43.6935,16.86779,16.86779,79.16,43.89628,0.57267,30.4372,2116.18,112.0,20.312,6186.4,58.74,1.0,0.23914,0.60976,0.14411,0.76141,0.51813,0.30368,90.53,4.03066,0.93366,0.529,0.61,0.529,1.493,0.518,0.543,411.0,103.0,4.30467,7.53639,11.45524,5.13519,3.00098,21.68913,59.41068,32.25,0.74,0.0,6.39,8.92,0.0,3.01879,3.41145,7.88681,1.30291,2.9584,34.11,12.64511504,2.99632,7.81438,4.82393,0.0,7.9223605,638928.0,1666317.0,1028643.0,1898808.43,1610.544,99.72154,31.76,0.59,0.0,8.5,5.91
2018,116.0,95.78173,95.99858,94.81902,375.563,106.0,89.41629,87.7196,96.94882,10.0,0.7,0.5,0.5,0.4,0.4,0.4,0.6,0.5,0.5,164.0,0.53204,81884.0,0.05114,79696.0,11.33089,-0.1,34.6,7.86973,12392.0,7.6,0.2,-0.31,34.6,34.6,0.57268,4.50682,1.6,75.43381,64.0,106353.0,1126.0,899.0,2025.0,43.2,2.7,22.9,6.6,5.5,6.1,36.0,0.01,0.01,0.02,0.01,0.0,0.0,0.0,0.01,0.0,0.01,0.01,27.3099,7.7,6.5,7.1,1.079,0.854,11.539,22.604,99.0,1317.0,1061.0,2378.0,20.80101,1416.0,99.0,100.0,56.0,57.0,95.0,80.0,80.0,97.0,62.0,94.0,100.0,45.0,62.0,58.0,4.3,21.0,82.78195,7.15864,0.832000666,25.97,5.33,22.52,12.0,179.66208,0.55947,0.68549,0.0,1026.066669,6.06,1.636498635,1.636209008,1026.248294,90.79,90.84818,1.76,100.0,100.0,100.0,102.987,51.4049,31.0,206.09,20.5,12.8,17.9,280.06723,123.1788,64.5,71.3,92.9,51.3,61.7,87.9,60.2,68.1,91.0,2.3,17.20424873,16.6,3.0,1.3,29.4,6.9,4.1,21.1,4.3,2.3,0.00761,0.33917,0.06227,0.23828,0.10614,0.58534,0.5708,3.65269,1.53074,0.1048,0.23302,5.59248,3.61766,0.06988,0.03502,0.03153,1.83,18.63054053,1.5,0.1,1.0,158953.0,7080750.0,1299972.0,4974538.0,2215964.0,12220050.0,11916566.0,76256864.0,31957230.0,2187862.0,4864786.0,116753769.7,75525674.0,1458925.0,731191.0,658214.0,0.00193,0.08578,0.01575,0.06026,0.02684,0.14804,0.38714,0.92379,0.14436,0.0265,0.05893,0.01767,0.91493,1.41438,0.00886,0.00797,302.2,111.1,216.9,148.3,208.2,146.3,347.7,111.4,161.4,187.6,139.1,254.5,67.4,197.7,90.1,114.3,309.1,81.2,151.0,175.0,116.0,270.3,100.6,210.1,134.0,203.3,139.7,337.7,101.3,157.9,181.2,134.1,17.1,31.1,24.2,16.34,89.0,99.0,0.847,20.606,80.0,671.5,18.3,528.72138,7230000.0,16.36,0.058,0.07392,0.10871,105.988,7.74,0.23914,0.60976,0.14411,0.76141,0.51813,0.30368,46.80521258,54.05336,39.45687,21.2159,43.15248,51.46037,0.529,0.61,0.529,1.493,0.518,0.543,12.98931898,9.022792446,183.60742,667.164,4.699183034,16.11668644,1.442233825,37.1,116.0,375.563,16.53594,16.33375,16.76904,106.0,10.0,164.0,0.53204,81884.0,79696.0,0.00761,0.33917,0.06227,0.23828,0.10614,0.58534,0.5708,3.65269,1.53074,0.1048,0.23302,5.59248,3.61766,0.06988,0.03502,0.03153,102.987,158953.0,7080750.0,1299972.0,4974538.0,2215964.0,12220050.0,11916566.0,76256864.0,31957230.0,2187862.0,4864786.0,116753769.7,75525674.0,1458925.0,731191.0,658214.0,0.00193,0.08578,0.01575,0.06026,0.02684,0.14804,0.38714,0.92379,0.14436,0.0265,0.05893,0.01767,0.91493,1.41438,0.00886,0.00797,116.0,375.563,106.0,10.0,164.0,0.53204,81884.0,79696.0,49.97138,1.91,34.15589,43.6935,16.86779,16.86779,79.16,43.89628,0.5702,30.4372,2113.02,113.0,20.657,6186.4,59.11,1.0,0.23914,0.60976,0.14411,0.76141,0.51813,0.30368,90.53,4.03066,0.93366,0.529,0.61,0.529,1.493,0.518,0.543,411.0,103.0,4.30467,7.53639,11.45524,5.13519,3.00098,21.68913,59.41068,32.25,0.74,0.0,6.39,8.92,0.0,3.01879,3.41145,7.88681,1.30291,2.9584,34.11,12.64511504,2.99632,7.81438,4.82393,0.0,7.9223605,638928.0,1666317.0,1028643.0,1898808.43,1610.544,99.72154,31.76,0.59,0.0,8.5,5.91
